Date,Open,High,Low,Close,Volume,Dividends,Stock Splits
2021-01-04 00:00:00+07:00,24267.7734375,24961.138671875,24198.435546875,24614.455078125,20385368,0.0,0.0
2021-01-05 00:00:00+07:00,24545.119140625,24926.46875,24406.4453125,24545.119140625,13290547,0.0,0.0
2021-01-06 00:00:00+07:00,24961.138671875,26243.86328125,24753.12890625,26243.86328125,23061303,0.0,0.0
2021-01-07 00:00:00+07:00,26694.55078125,27491.919921875,26625.212890625,26937.228515625,16214548,0.0,0.0
2021-01-08 00:00:00+07:00,27387.9140625,27387.9140625,26694.55078125,26833.22265625,12086131,0.0,0.0
2021-01-11 00:00:00+07:00,26971.896484375,27457.251953125,26763.88671875,26833.22265625,15872881,0.0,0.0
2021-01-12 00:00:00+07:00,26833.22265625,26971.896484375,26417.203125,26694.55078125,13202571,0.0,0.0
2021-01-13 00:00:00+07:00,26798.5546875,27353.24609375,26694.55078125,26798.5546875,13206465,0.0,0.0
2021-01-14 00:00:00+07:00,27041.232421875,27283.91015625,26694.55078125,27145.236328125,11935561,0.0,0.0
2021-01-15 00:00:00+07:00,27387.9140625,27803.93359375,27249.2421875,27387.9140625,16328774,0.0,0.0
2021-01-18 00:00:00+07:00,27457.251953125,27630.591796875,26763.88671875,26763.88671875,10513943,0.0,0.0
2021-01-19 00:00:00+07:00,26694.55078125,26763.88671875,24891.80078125,24891.80078125,22924146,0.0,0.0
2021-01-20 00:00:00+07:00,24961.138671875,25238.484375,23435.734375,24718.4609375,17342526,0.0,0.0
2021-01-21 00:00:00+07:00,25030.474609375,25654.501953125,24614.455078125,25654.501953125,11781529,0.0,0.0
2021-01-22 00:00:00+07:00,25619.833984375,26555.876953125,25446.4921875,26070.521484375,16428865,0.0,0.0
2021-01-25 00:00:00+07:00,25862.51171875,26035.853515625,25307.8203125,25515.830078125,10252176,0.0,0.0
2021-01-26 00:00:00+07:00,25307.8203125,25342.48828125,23921.08984375,23921.08984375,12065651,0.0,0.0
2021-01-27 00:00:00+07:00,23713.080078125,24371.77734375,22534.361328125,22603.697265625,13765189,0.0,0.0
2021-01-28 00:00:00+07:00,21320.97265625,22118.341796875,21043.625,21043.625,19362674,0.0,0.0
2021-01-29 00:00:00+07:00,19968.91015625,22465.0234375,19968.91015625,21147.630859375,22519742,0.0,0.0
2021-02-01 00:00:00+07:00,22049.005859375,22603.697265625,21840.99609375,22187.677734375,17819764,0.0,0.0
2021-02-02 00:00:00+07:00,22049.005859375,23574.408203125,21979.66796875,23505.072265625,11410296,0.0,0.0
2021-02-03 00:00:00+07:00,23921.08984375,24441.11328125,23574.408203125,24198.435546875,14593757,0.0,0.0
2021-02-04 00:00:00+07:00,24129.099609375,24302.44140625,23747.75,24059.763671875,13626589,0.0,0.0
2021-02-05 00:00:00+07:00,24233.10546875,24822.46484375,24094.431640625,24822.46484375,12462268,0.0,0.0
2021-02-08 00:00:00+07:00,24961.138671875,25030.474609375,23505.072265625,23609.076171875,18526030,0.0,0.0
2021-02-09 00:00:00+07:00,23886.421875,24579.787109375,23574.408203125,24545.119140625,11894024,0.0,0.0
2021-02-17 00:00:00+07:00,25238.484375,25515.830078125,24857.1328125,25515.830078125,15016622,0.0,0.0
2021-02-18 00:00:00+07:00,25446.4921875,25689.169921875,25169.146484375,25515.830078125,15410787,0.0,0.0
2021-02-19 00:00:00+07:00,25169.146484375,26001.185546875,25030.474609375,25654.501953125,17747219,0.0,0.0
2021-02-22 00:00:00+07:00,25654.501953125,26382.53515625,25515.830078125,25654.501953125,16369301,0.0,0.0
2021-02-23 00:00:00+07:00,25723.83984375,26070.521484375,25654.501953125,25689.169921875,12320062,0.0,0.0
2021-02-24 00:00:00+07:00,25966.517578125,26451.873046875,25689.169921875,26001.185546875,20672518,0.0,0.0
2021-02-25 00:00:00+07:00,26209.1953125,26278.53125,25689.169921875,25862.51171875,12389290,0.0,0.0
2021-02-26 00:00:00+07:00,25481.162109375,25897.1796875,25307.8203125,25827.84375,13046519,0.0,0.0
2021-03-01 00:00:00+07:00,26209.1953125,26486.541015625,26070.521484375,26417.203125,20244749,0.0,0.0
2021-03-02 00:00:00+07:00,26694.55078125,26763.88671875,26347.8671875,26347.8671875,10614034,0.0,0.0
2021-03-03 00:00:00+07:00,26625.212890625,26902.55859375,26555.876953125,26763.88671875,18971683,0.0,0.0
2021-03-04 00:00:00+07:00,27041.232421875,27041.232421875,26001.185546875,26555.876953125,15185076,0.0,0.0
2021-03-05 00:00:00+07:00,26417.203125,26659.880859375,26001.185546875,26347.8671875,14647985,0.0,0.0
2021-03-08 00:00:00+07:00,26625.212890625,26763.88671875,26035.853515625,26278.53125,10968105,0.0,0.0
2021-03-09 00:00:00+07:00,26278.53125,26278.53125,25723.83984375,25793.17578125,14706396,0.0,0.0
2021-03-10 00:00:00+07:00,25827.84375,26209.1953125,25689.169921875,26035.853515625,10800228,0.0,0.0
2021-03-11 00:00:00+07:00,26313.19921875,26659.880859375,26209.1953125,26486.541015625,11060986,0.0,0.0
2021-03-12 00:00:00+07:00,26590.544921875,26694.55078125,26313.19921875,26313.19921875,10370440,0.0,0.0
2021-03-15 00:00:00+07:00,26347.8671875,26486.541015625,26174.525390625,26347.8671875,9867963,0.0,0.0
2021-03-16 00:00:00+07:00,26451.873046875,26486.541015625,26105.189453125,26139.857421875,10400872,0.0,0.0
2021-03-17 00:00:00+07:00,26174.525390625,27457.251953125,26070.521484375,27422.583984375,34395883,0.0,0.0
2021-03-18 00:00:00+07:00,28566.634765625,28739.9765625,27873.26953125,28081.279296875,23273458,0.0,0.0
2021-03-19 00:00:00+07:00,27977.275390625,28358.625,27942.607421875,28046.611328125,12384819,0.0,0.0
2021-03-22 00:00:00+07:00,28393.294921875,28947.986328125,28081.279296875,28497.298828125,29886281,0.0,0.0
2021-03-23 00:00:00+07:00,28566.634765625,28601.302734375,27873.26953125,28081.279296875,21128699,0.0,0.0
2021-03-24 00:00:00+07:00,27734.59765625,28046.611328125,26971.896484375,27041.232421875,27003527,0.0,0.0
2021-03-25 00:00:00+07:00,27387.9140625,27838.6015625,26971.896484375,27318.578125,21163602,0.0,0.0
2021-03-26 00:00:00+07:00,27249.2421875,27595.923828125,26209.1953125,27075.900390625,23497582,0.0,0.0
2021-03-29 00:00:00+07:00,27457.251953125,27769.265625,27249.2421875,27734.59765625,17147967,0.0,0.0
2021-03-30 00:00:00+07:00,27942.607421875,28289.2890625,27630.591796875,28011.943359375,16606838,0.0,0.0
2021-03-31 00:00:00+07:00,28011.943359375,28323.95703125,27734.59765625,27838.6015625,17799572,0.0,0.0
2021-04-01 00:00:00+07:00,27942.607421875,28670.640625,27942.607421875,28462.630859375,27046074,0.0,0.0
2021-04-02 00:00:00+07:00,28774.64453125,28809.3125,28427.962890625,28635.97265625,17746497,0.0,0.0
2021-04-05 00:00:00+07:00,29121.328125,29329.3359375,28774.64453125,29121.328125,23387395,0.0,0.0
2021-04-06 00:00:00+07:00,29086.658203125,30196.04296875,28843.98046875,29814.69140625,32570293,0.0,0.0
2021-04-07 00:00:00+07:00,29814.69140625,30369.384765625,29676.01953125,29814.69140625,17864617,0.0,0.0
2021-04-08 00:00:00+07:00,29814.69140625,30022.701171875,29537.345703125,29537.345703125,16805147,0.0,0.0
2021-04-09 00:00:00+07:00,29468.009765625,29606.68359375,29329.3359375,29468.009765625,21562381,0.0,0.0
2021-04-12 00:00:00+07:00,29537.345703125,30022.701171875,29433.341796875,29953.365234375,19570068,0.0,0.0
2021-04-13 00:00:00+07:00,30161.375,30161.375,29121.328125,29155.99609375,25601957,0.0,0.0
2021-04-14 00:00:00+07:00,29051.990234375,29814.69140625,28774.64453125,29641.3515625,20701651,0.0,0.0
2021-04-15 00:00:00+07:00,29745.35546875,29814.69140625,29121.328125,29260.0,20226432,0.0,0.0
2021-04-16 00:00:00+07:00,29398.673828125,29953.365234375,28289.2890625,29121.328125,30989164,0.0,0.0
2021-04-19 00:00:00+07:00,29260.0,29468.009765625,28635.97265625,29468.009765625,24708488,0.0,0.0
2021-04-20 00:00:00+07:00,29572.013671875,29918.697265625,28774.64453125,29121.328125,34653612,0.0,0.0
2021-04-22 00:00:00+07:00,28947.986328125,29086.658203125,27145.236328125,27145.236328125,30905080,0.0,0.0
2021-04-23 00:00:00+07:00,27353.24609375,28705.30859375,27041.232421875,28635.97265625,25612341,0.0,0.0
2021-04-26 00:00:00+07:00,28635.97265625,28635.97265625,27491.919921875,27526.587890625,19094705,0.0,0.0
2021-04-27 00:00:00+07:00,27422.583984375,27803.93359375,27249.2421875,27491.919921875,10329047,0.0,0.0
2021-04-28 00:00:00+07:00,27457.251953125,28046.611328125,27422.583984375,27561.255859375,11518464,0.0,0.0
2021-04-29 00:00:00+07:00,27734.59765625,28323.95703125,27561.255859375,28289.2890625,20568388,0.0,0.0
2021-05-04 00:00:00+07:00,27769.265625,29814.69140625,27769.265625,29814.69140625,36695971,0.0,0.0
2021-05-05 00:00:00+07:00,30230.7109375,30785.40234375,30057.369140625,30057.369140625,32509430,0.0,0.0
2021-05-06 00:00:00+07:00,29814.69140625,30300.046875,29606.68359375,29745.35546875,28861135,0.0,0.0
2021-05-07 00:00:00+07:00,29502.677734375,30438.720703125,29329.3359375,30369.384765625,37264358,0.0,0.0
2021-05-10 00:00:00+07:00,31201.421875,31270.7578125,30854.740234375,31062.75,36324017,0.0,0.0
2021-05-11 00:00:00+07:00,31028.080078125,31132.0859375,30646.73046875,30646.73046875,22668869,0.0,0.0
2021-05-12 00:00:00+07:00,30438.720703125,31201.421875,30404.052734375,31201.421875,28993101,0.0,0.0
2021-05-13 00:00:00+07:00,30993.412109375,32692.15625,30958.744140625,32241.46875,50488779,0.0,0.0
2021-05-14 00:00:00+07:00,32588.15234375,32900.16796875,32345.474609375,32588.15234375,25026647,0.0,0.0
2021-05-17 00:00:00+07:00,32622.8203125,33004.171875,32172.1328125,32414.810546875,24554601,0.0,0.0
2021-05-18 00:00:00+07:00,32345.474609375,32553.484375,32033.4609375,32276.138671875,26181882,0.0,0.0
2021-05-19 00:00:00+07:00,32449.478515625,33454.859375,32241.46875,33281.515625,28153715,0.0,0.0
2021-05-20 00:00:00+07:00,33732.203125,33905.546875,33316.18359375,33905.546875,20647855,0.0,0.0
2021-05-21 00:00:00+07:00,33905.546875,34182.890625,33420.19140625,33454.859375,23036930,0.0,0.0
2021-05-24 00:00:00+07:00,33836.20703125,35777.62890625,33697.53515625,35500.28515625,44821851,0.0,0.0
2021-05-25 00:00:00+07:00,35708.29296875,36054.9765625,35430.94921875,35430.94921875,16992205,0.0,0.0
2021-05-26 00:00:00+07:00,35500.28515625,35916.3046875,35222.9375,35708.29296875,20696315,0.0,0.0
2021-05-27 00:00:00+07:00,35777.62890625,35846.96875,34668.24609375,34806.91796875,28851761,0.0,0.0
2021-05-28 00:00:00+07:00,35084.265625,35569.62109375,34737.58203125,35500.28515625,24422491,0.0,0.0
2021-05-31 00:00:00+07:00,35500.28515625,36817.6796875,35361.61328125,36817.6796875,25530855,0.0,0.0
2021-06-01 00:00:00+07:00,37095.0234375,37372.37109375,36401.66015625,36470.99609375,15469918,0.0,0.0
2021-06-02 00:00:00+07:00,35916.3046875,36679.00390625,35777.62890625,36054.9765625,21569160,0.0,0.0
2021-06-03 00:00:00+07:00,36748.33984375,37580.37890625,36054.9765625,37164.359375,25981700,0.0,0.0
2021-06-04 00:00:00+07:00,37233.6953125,38065.734375,37164.359375,37441.70703125,18850101,0.0,0.0
2021-06-07 00:00:00+07:00,37233.6953125,37303.03515625,35361.61328125,36054.9765625,26011986,0.0,0.0
2021-06-08 00:00:00+07:00,35777.62890625,36401.66015625,33974.8828125,33974.8828125,23318888,0.0,0.0
2021-06-09 00:00:00+07:00,34321.5625,35361.61328125,33628.19921875,35014.9296875,21778861,0.0,0.0
2021-06-10 00:00:00+07:00,35014.9296875,35292.2734375,34321.5625,34321.5625,17172486,0.0,0.0
2021-06-11 00:00:00+07:00,34668.24609375,36679.00390625,34390.90234375,36679.00390625,26773634,0.0,0.0
2021-06-14 00:00:00+07:00,36956.3515625,37441.70703125,36054.9765625,36401.66015625,21137786,0.0,0.0
2021-06-15 00:00:00+07:00,36401.66015625,36748.33984375,35916.3046875,36124.3125,23350617,0.0,0.0
2021-06-16 00:00:00+07:00,35777.62890625,35777.62890625,35014.9296875,35014.9296875,31099927,0.0,0.0
2021-06-17 00:00:00+07:00,34321.5625,35361.61328125,34252.2265625,35014.9296875,25139286,0.0,0.0
2021-06-18 00:00:00+07:00,35638.95703125,36401.66015625,35361.61328125,35500.28515625,19329502,0.0,0.0
2021-06-21 00:00:00+07:00,35153.6015625,35708.29296875,34668.24609375,34876.2578125,16500401,0.0,0.0
2021-06-22 00:00:00+07:00,35153.6015625,36332.32421875,34737.58203125,35985.640625,31629230,0.0,0.0
2021-06-23 00:00:00+07:00,36193.6484375,37095.0234375,35985.640625,36540.33203125,24382974,0.0,0.0
2021-06-24 00:00:00+07:00,37441.70703125,37927.0625,36817.6796875,37025.6875,35664191,0.0,0.0
2021-06-25 00:00:00+07:00,36887.015625,37303.03515625,36332.32421875,37303.03515625,20621751,0.0,0.0
2021-06-28 00:00:00+07:00,37788.390625,37996.3984375,37303.03515625,37719.05078125,20522381,0.0,0.0
2021-06-29 00:00:00+07:00,37719.05078125,37927.0625,37095.0234375,37372.37109375,28000406,0.0,0.0
2021-06-30 00:00:00+07:00,37441.70703125,37788.390625,36401.66015625,36540.33203125,46740032,0.0,0.0
2021-07-01 00:00:00+07:00,36540.33203125,36956.3515625,35985.640625,36332.32421875,42497389,0.0,0.0
2021-07-02 00:00:00+07:00,36540.33203125,36887.015625,36332.32421875,36540.33203125,24733583,0.0,0.0
2021-07-05 00:00:00+07:00,36540.33203125,36748.33984375,35708.29296875,36124.3125,27515668,0.0,0.0
2021-07-06 00:00:00+07:00,36401.66015625,36887.015625,33628.19921875,33628.19921875,37216332,0.0,0.0
2021-07-07 00:00:00+07:00,34723.0,35080.96875,33649.09375,34946.73046875,29559649,0.0,0.0
2021-07-08 00:00:00+07:00,35170.4609375,35796.90625,34544.015625,34544.015625,15632747,0.0,0.0
2021-07-09 00:00:00+07:00,34186.046875,34723.0,33112.13671875,33649.09375,19923956,0.0,0.0
2021-07-12 00:00:00+07:00,33156.8828125,33201.62890625,31322.29296875,31322.29296875,31162469,0.0,0.0
2021-07-13 00:00:00+07:00,31769.75390625,32172.46875,30248.38671875,30964.32421875,13111188,0.0,0.0
2021-07-14 00:00:00+07:00,31009.0703125,31635.515625,30158.892578125,30158.892578125,18748882,0.0,0.0
2021-07-15 00:00:00+07:00,30248.38671875,31725.0078125,30069.400390625,31322.29296875,16884364,0.0,0.0
2021-07-16 00:00:00+07:00,31680.26171875,31680.26171875,31009.0703125,31009.0703125,10926754,0.0,0.0
2021-07-19 00:00:00+07:00,29979.908203125,30382.625,28861.255859375,28861.255859375,22918181,0.0,0.0
2021-07-20 00:00:00+07:00,28906.001953125,29800.923828125,28324.302734375,29756.177734375,22200577,0.0,0.0
2021-07-21 00:00:00+07:00,29935.162109375,30293.1328125,29263.970703125,29398.208984375,11979247,0.0,0.0
2021-07-22 00:00:00+07:00,29398.208984375,30382.625,29308.716796875,29979.908203125,14963639,0.0,0.0
2021-07-23 00:00:00+07:00,29666.685546875,30158.892578125,29084.986328125,29084.986328125,16963700,0.0,0.0
2021-07-26 00:00:00+07:00,28816.509765625,29084.986328125,28458.541015625,28771.763671875,11317179,0.0,0.0
2021-07-27 00:00:00+07:00,29084.986328125,29845.669921875,28995.494140625,29084.986328125,17762987,0.0,0.0
2021-07-28 00:00:00+07:00,29084.986328125,29621.939453125,29084.986328125,29442.955078125,7989293,0.0,0.0
2021-07-29 00:00:00+07:00,29800.923828125,30561.609375,29711.431640625,30337.87890625,20418524,0.0,0.0
2021-07-30 00:00:00+07:00,30427.37109375,31053.81640625,30382.625,30785.33984375,23091045,0.0,0.0
2021-08-02 00:00:00+07:00,30248.38671875,30606.35546875,30114.146484375,30203.640625,27842517,0.0,0.0
2021-08-03 00:00:00+07:00,30203.640625,30516.86328125,29756.177734375,30516.86328125,22795712,0.0,0.0
2021-08-04 00:00:00+07:00,30695.84765625,30830.0859375,30337.87890625,30427.37109375,16231793,0.0,0.0
2021-08-05 00:00:00+07:00,30337.87890625,30606.35546875,30069.400390625,30606.35546875,14922965,0.0,0.0
2021-08-06 00:00:00+07:00,30740.59375,31232.80078125,30516.86328125,30561.609375,19902613,0.0,0.0
2021-08-09 00:00:00+07:00,30516.86328125,30964.32421875,30382.625,30919.578125,16616743,0.0,0.0
2021-08-10 00:00:00+07:00,31277.546875,31277.546875,30830.0859375,31009.0703125,13448871,0.0,0.0
2021-08-11 00:00:00+07:00,31009.0703125,31411.78515625,30695.84765625,30695.84765625,19335525,0.0,0.0
2021-08-12 00:00:00+07:00,30874.83203125,31098.5625,30695.84765625,30785.33984375,14657914,0.0,0.0
2021-08-13 00:00:00+07:00,30785.33984375,30964.32421875,30158.892578125,30695.84765625,13645089,0.0,0.0
2021-08-16 00:00:00+07:00,30695.84765625,31725.0078125,30516.86328125,31411.78515625,24200080,0.0,0.0
2021-08-17 00:00:00+07:00,31680.26171875,31769.75390625,30919.578125,30964.32421875,13328749,0.0,0.0
2021-08-18 00:00:00+07:00,31053.81640625,31143.30859375,30695.84765625,30874.83203125,12453813,0.0,0.0
2021-08-19 00:00:00+07:00,30740.59375,30874.83203125,30561.609375,30695.84765625,13031517,0.0,0.0
2021-08-20 00:00:00+07:00,30695.84765625,31098.5625,28637.525390625,29263.970703125,26174552,0.0,0.0
2021-08-23 00:00:00+07:00,29263.970703125,29935.162109375,29219.224609375,29263.970703125,22008605,0.0,0.0
2021-08-24 00:00:00+07:00,29442.955078125,29711.431640625,29219.224609375,29308.716796875,12491023,0.0,0.0
2021-08-25 00:00:00+07:00,29263.970703125,29353.462890625,28369.048828125,28771.763671875,20344551,0.0,0.0
2021-08-26 00:00:00+07:00,28906.001953125,29263.970703125,27832.09375,27921.5859375,23596229,0.0,0.0
2021-08-27 00:00:00+07:00,27474.125,27921.5859375,26937.171875,27876.83984375,26445525,0.0,0.0
2021-08-30 00:00:00+07:00,28100.572265625,28906.001953125,28011.080078125,28906.001953125,16229871,0.0,0.0
2021-08-31 00:00:00+07:00,29084.986328125,29129.732421875,28458.541015625,28458.541015625,13678053,0.0,0.0
2021-09-01 00:00:00+07:00,28458.541015625,28906.001953125,28279.556640625,28682.271484375,17088851,0.0,0.0
2021-09-06 00:00:00+07:00,28682.271484375,28906.001953125,28458.541015625,28682.271484375,13007492,0.0,0.0
2021-09-07 00:00:00+07:00,28771.763671875,29487.701171875,28771.763671875,29219.224609375,12087748,0.0,0.0
2021-09-08 00:00:00+07:00,29353.462890625,29577.193359375,28637.525390625,28771.763671875,9337119,0.0,0.0
2021-09-09 00:00:00+07:00,28771.763671875,28995.494140625,28727.017578125,28995.494140625,8645328,0.0,0.0
2021-09-10 00:00:00+07:00,29084.986328125,29263.970703125,28906.001953125,28906.001953125,7434385,0.0,0.0
2021-09-13 00:00:00+07:00,28861.255859375,28950.748046875,28458.541015625,28503.287109375,9490652,0.0,0.0
2021-09-14 00:00:00+07:00,28548.033203125,28682.271484375,27921.5859375,27921.5859375,10153614,0.0,0.0
2021-09-15 00:00:00+07:00,27742.6015625,28190.064453125,27742.6015625,27876.83984375,7965381,0.0,0.0
2021-09-16 00:00:00+07:00,28190.064453125,28682.271484375,28100.572265625,28324.302734375,8238142,0.0,0.0
2021-09-17 00:00:00+07:00,28413.794921875,28771.763671875,28369.048828125,28458.541015625,7788728,0.0,0.0
2021-09-20 00:00:00+07:00,28906.001953125,28906.001953125,28503.287109375,28503.287109375,10548509,0.0,0.0
2021-09-21 00:00:00+07:00,28190.064453125,28369.048828125,28011.080078125,28190.064453125,9750451,0.0,0.0
2021-09-22 00:00:00+07:00,28100.572265625,28234.810546875,27876.83984375,28055.826171875,8745001,0.0,0.0
2021-09-23 00:00:00+07:00,28190.064453125,28548.033203125,28100.572265625,28279.556640625,9134197,0.0,0.0
2021-09-24 00:00:00+07:00,28369.048828125,28548.033203125,28279.556640625,28369.048828125,7120179,0.0,0.0
2021-09-27 00:00:00+07:00,28458.541015625,28548.033203125,27742.6015625,27742.6015625,11018047,0.0,0.0
2021-09-28 00:00:00+07:00,27563.6171875,27787.34765625,27474.125,27697.85546875,7515621,0.0,0.0
2021-09-29 00:00:00+07:00,27697.85546875,27742.6015625,27160.90234375,27205.6484375,11754200,0.0,0.0
2021-09-30 00:00:00+07:00,27205.6484375,27608.36328125,27205.6484375,27205.6484375,8748018,0.0,0.0
2021-10-01 00:00:00+07:00,27205.6484375,27339.88671875,26579.203125,26623.94921875,14943738,0.0,0.0
2021-10-04 00:00:00+07:00,26489.7109375,26579.203125,25684.279296875,25684.279296875,22550775,0.0,0.0
2021-10-05 00:00:00+07:00,25952.7578125,26444.96484375,25952.7578125,26400.21875,9858170,0.0,0.0
2021-10-06 00:00:00+07:00,26623.94921875,26668.6953125,25997.50390625,26221.234375,7692843,0.0,0.0
2021-10-07 00:00:00+07:00,26310.7265625,26534.45703125,26176.48828125,26265.98046875,8848138,0.0,0.0
2021-10-08 00:00:00+07:00,26400.21875,26534.45703125,26265.98046875,26355.47265625,7503665,0.0,0.0
2021-10-11 00:00:00+07:00,26489.7109375,27742.6015625,26489.7109375,27742.6015625,19622701,0.0,0.0
2021-10-12 00:00:00+07:00,27876.83984375,28190.064453125,27518.87109375,27563.6171875,12721903,0.0,0.0
2021-10-13 00:00:00+07:00,27563.6171875,28011.080078125,27474.125,27474.125,7961805,0.0,0.0
2021-10-14 00:00:00+07:00,27474.125,27653.109375,27295.140625,27384.6328125,12476497,0.0,0.0
2021-10-15 00:00:00+07:00,27474.125,27697.85546875,27295.140625,27429.37890625,9291445,0.0,0.0
2021-10-18 00:00:00+07:00,27518.87109375,27608.36328125,26981.91796875,27026.6640625,11296730,0.0,0.0
2021-10-19 00:00:00+07:00,27205.6484375,27339.88671875,27026.6640625,27116.15625,7754524,0.0,0.0
2021-10-20 00:00:00+07:00,27205.6484375,27205.6484375,26444.96484375,26847.6796875,10348268,0.0,0.0
2021-10-21 00:00:00+07:00,26892.42578125,26937.171875,26623.94921875,26623.94921875,8669464,0.0,0.0
2021-10-22 00:00:00+07:00,26668.6953125,26758.1875,26534.45703125,26534.45703125,4797956,0.0,0.0
2021-10-25 00:00:00+07:00,26534.45703125,26981.91796875,26265.98046875,26758.1875,9140342,0.0,0.0
2021-10-26 00:00:00+07:00,26758.1875,27116.15625,26579.203125,26758.1875,6765947,0.0,0.0
2021-10-27 00:00:00+07:00,27026.6640625,27921.5859375,26802.93359375,27832.09375,21862447,0.0,0.0
2021-10-28 00:00:00+07:00,28055.826171875,28100.572265625,27742.6015625,28011.080078125,16085747,0.0,0.0
2021-10-29 00:00:00+07:00,28190.064453125,28413.794921875,27966.333984375,28190.064453125,15438987,0.0,0.0
2021-11-01 00:00:00+07:00,28458.541015625,28995.494140625,28279.556640625,28816.509765625,20086652,0.0,0.0
2021-11-02 00:00:00+07:00,28816.509765625,29174.478515625,28682.271484375,28995.494140625,14315874,0.0,0.0
2021-11-03 00:00:00+07:00,29084.986328125,29756.177734375,28950.748046875,29532.447265625,23649529,0.0,0.0
2021-11-04 00:00:00+07:00,29711.431640625,29711.431640625,29129.732421875,29174.478515625,12927742,0.0,0.0
2021-11-05 00:00:00+07:00,29308.716796875,29353.462890625,28816.509765625,29263.970703125,11723135,0.0,0.0
2021-11-08 00:00:00+07:00,29263.970703125,29487.701171875,28637.525390625,29353.462890625,12635505,0.0,0.0
2021-11-09 00:00:00+07:00,29487.701171875,29845.669921875,29308.716796875,29487.701171875,17569674,0.0,0.0
2021-11-10 00:00:00+07:00,29532.447265625,29621.939453125,29084.986328125,29084.986328125,10006227,0.0,0.0
2021-11-11 00:00:00+07:00,28995.494140625,29084.986328125,28190.064453125,28592.779296875,15822372,0.0,0.0
2021-11-12 00:00:00+07:00,28413.794921875,29263.970703125,28279.556640625,29263.970703125,12922613,0.0,0.0
2021-11-15 00:00:00+07:00,29532.447265625,29666.685546875,28861.255859375,29084.986328125,10777355,0.0,0.0
2021-11-16 00:00:00+07:00,28906.001953125,29308.716796875,28816.509765625,28995.494140625,10157972,0.0,0.0
2021-11-17 00:00:00+07:00,29040.240234375,29084.986328125,28771.763671875,28861.255859375,7591717,0.0,0.0
2021-11-18 00:00:00+07:00,28861.255859375,29084.986328125,28548.033203125,28771.763671875,11230914,0.0,0.0
2021-11-19 00:00:00+07:00,28816.509765625,29711.431640625,28771.763671875,29353.462890625,24445911,0.0,0.0
2021-11-22 00:00:00+07:00,29577.193359375,31188.0546875,29532.447265625,30874.83203125,31257114,0.0,0.0
2021-11-23 00:00:00+07:00,30830.0859375,30830.0859375,30158.892578125,30516.86328125,11188989,0.0,0.0
2021-11-24 00:00:00+07:00,30606.35546875,31680.26171875,30472.1171875,31680.26171875,28718124,0.0,0.0
2021-11-25 00:00:00+07:00,32038.23046875,32038.23046875,31367.0390625,31456.53125,15983839,0.0,0.0
2021-11-26 00:00:00+07:00,31501.27734375,31725.0078125,30516.86328125,30695.84765625,18054968,0.0,0.0
2021-11-29 00:00:00+07:00,30024.654296875,31053.81640625,30024.654296875,30651.1015625,15618668,0.0,0.0
2021-11-30 00:00:00+07:00,31322.29296875,31411.78515625,29800.923828125,30024.654296875,12579522,0.0,0.0
2021-12-01 00:00:00+07:00,30024.654296875,30427.37109375,29756.177734375,30427.37109375,10250829,0.0,0.0
2021-12-02 00:00:00+07:00,30785.33984375,31098.5625,30248.38671875,30248.38671875,8778523,0.0,0.0
2021-12-03 00:00:00+07:00,30606.35546875,30606.35546875,29532.447265625,29532.447265625,10980837,0.0,0.0
2021-12-06 00:00:00+07:00,29532.447265625,29845.669921875,28279.556640625,28727.017578125,15186675,0.0,0.0
2021-12-07 00:00:00+07:00,29084.986328125,29442.955078125,28950.748046875,29263.970703125,7642112,0.0,0.0
2021-12-08 00:00:00+07:00,29487.701171875,29756.177734375,29263.970703125,29532.447265625,7201404,0.0,0.0
2021-12-09 00:00:00+07:00,29532.447265625,30203.640625,29442.955078125,30203.640625,6995800,0.0,0.0
2021-12-10 00:00:00+07:00,30248.38671875,30606.35546875,29979.908203125,30024.654296875,6690634,0.0,0.0
2021-12-13 00:00:00+07:00,30337.87890625,30516.86328125,29979.908203125,29979.908203125,9125481,0.0,0.0
2021-12-14 00:00:00+07:00,29532.447265625,29577.193359375,28950.748046875,28995.494140625,8612923,0.0,0.0
2021-12-15 00:00:00+07:00,28995.494140625,29263.970703125,28816.509765625,28861.255859375,6328256,0.0,0.0
2021-12-16 00:00:00+07:00,29040.240234375,29263.970703125,28816.509765625,29084.986328125,7459415,0.0,0.0
2021-12-17 00:00:00+07:00,29084.986328125,29711.431640625,28906.001953125,29487.701171875,10239991,0.0,0.0
2021-12-20 00:00:00+07:00,29442.955078125,29532.447265625,28995.494140625,29040.240234375,5769101,0.0,0.0
2021-12-21 00:00:00+07:00,28995.494140625,29263.970703125,28637.525390625,28637.525390625,8853167,0.0,0.0
2021-12-22 00:00:00+07:00,28861.255859375,28861.255859375,28234.810546875,28324.302734375,11808327,0.0,0.0
2021-12-23 00:00:00+07:00,28369.048828125,28816.509765625,27787.34765625,28816.509765625,10257869,0.0,0.0
2021-12-24 00:00:00+07:00,28592.779296875,29532.447265625,28503.287109375,29442.955078125,7792051,0.0,0.0
2021-12-27 00:00:00+07:00,29532.447265625,29935.162109375,29398.208984375,29890.416015625,9199901,0.0,0.0
2021-12-28 00:00:00+07:00,29979.908203125,30651.1015625,29890.416015625,30337.87890625,16101950,0.0,0.0
2021-12-29 00:00:00+07:00,30427.37109375,30830.0859375,30337.87890625,30561.609375,11637318,0.0,0.0
2021-12-30 00:00:00+07:00,30516.86328125,30785.33984375,30248.38671875,30248.38671875,7427010,0.0,0.0
2021-12-31 00:00:00+07:00,30427.37109375,31232.80078125,30337.87890625,30337.87890625,15062642,0.0,0.0
2022-01-04 00:00:00+07:00,30830.0859375,31277.546875,30606.35546875,31098.5625,13443172,0.0,0.0
2022-01-05 00:00:00+07:00,31322.29296875,31501.27734375,31053.81640625,31098.5625,12252567,0.0,0.0
2022-01-06 00:00:00+07:00,30874.83203125,30919.578125,30293.1328125,30427.37109375,13496138,0.0,0.0
2022-01-07 00:00:00+07:00,30427.37109375,30830.0859375,29621.939453125,29711.431640625,13867455,0.0,0.0
2022-01-10 00:00:00+07:00,29800.923828125,30114.146484375,29577.193359375,29800.923828125,12110655,0.0,0.0
2022-01-11 00:00:00+07:00,29979.908203125,30158.892578125,29308.716796875,29532.447265625,8162493,0.0,0.0
2022-01-12 00:00:00+07:00,29532.447265625,30606.35546875,28861.255859375,30561.609375,14471418,0.0,0.0
2022-01-13 00:00:00+07:00,30785.33984375,32396.19921875,30561.609375,31456.53125,39278701,0.0,0.0
2022-01-14 00:00:00+07:00,31322.29296875,32038.23046875,30964.32421875,31725.0078125,10617565,0.0,0.0
2022-01-17 00:00:00+07:00,31859.24609375,32888.40625,30695.84765625,31322.29296875,30723884,0.0,0.0
2022-01-18 00:00:00+07:00,31053.81640625,31903.9921875,30606.35546875,30919.578125,17006385,0.0,0.0
2022-01-19 00:00:00+07:00,31232.80078125,31456.53125,30203.640625,30248.38671875,12193008,0.0,0.0
2022-01-20 00:00:00+07:00,29979.908203125,31725.0078125,29621.939453125,31411.78515625,15621014,0.0,0.0
2022-01-21 00:00:00+07:00,31411.78515625,32664.677734375,31143.30859375,31814.5,17257312,0.0,0.0
2022-01-24 00:00:00+07:00,31769.75390625,32619.931640625,31635.515625,31903.9921875,19716675,0.0,0.0
2022-01-25 00:00:00+07:00,31859.24609375,33112.13671875,31859.24609375,33112.13671875,21059808,0.0,0.0
2022-01-26 00:00:00+07:00,33559.6015625,34186.046875,33156.8828125,33693.83984375,24561899,0.0,0.0
2022-01-27 00:00:00+07:00,33246.375,33693.83984375,32843.66015625,33022.64453125,13252988,0.0,0.0
2022-01-28 00:00:00+07:00,32933.15234375,33470.10546875,32843.66015625,33022.64453125,9870778,0.0,0.0
2022-02-07 00:00:00+07:00,33470.10546875,33470.10546875,32485.693359375,32485.693359375,16630710,0.0,0.0
2022-02-08 00:00:00+07:00,32396.19921875,33112.13671875,32261.9609375,32664.677734375,10332848,0.0,0.0
2022-02-09 00:00:00+07:00,32664.677734375,33201.62890625,32530.439453125,32530.439453125,10282117,0.0,0.0
2022-02-10 00:00:00+07:00,32575.185546875,33022.64453125,32306.70703125,32888.40625,10039526,0.0,0.0
2022-02-11 00:00:00+07:00,32977.8984375,33380.61328125,32933.15234375,32933.15234375,11763139,0.0,0.0
2022-02-14 00:00:00+07:00,32530.439453125,32664.677734375,30964.32421875,30964.32421875,16886934,0.0,0.0
2022-02-15 00:00:00+07:00,31143.30859375,31501.27734375,30874.83203125,31277.546875,14873240,0.0,0.0
2022-02-16 00:00:00+07:00,31590.76953125,31680.26171875,30919.578125,31009.0703125,8915183,0.0,0.0
2022-02-17 00:00:00+07:00,31098.5625,31456.53125,31009.0703125,31232.80078125,6643702,0.0,0.0
2022-02-18 00:00:00+07:00,31009.0703125,31277.546875,30919.578125,30964.32421875,9278790,0.0,0.0
2022-02-21 00:00:00+07:00,30964.32421875,31188.0546875,30248.38671875,30785.33984375,13940422,0.0,0.0
2022-02-22 00:00:00+07:00,30427.37109375,31053.81640625,30203.640625,30964.32421875,10059193,0.0,0.0
2022-02-23 00:00:00+07:00,31232.80078125,31456.53125,31053.81640625,31188.0546875,7518973,0.0,0.0
2022-02-24 00:00:00+07:00,30964.32421875,31053.81640625,29621.939453125,30293.1328125,18545066,0.0,0.0
2022-02-25 00:00:00+07:00,30516.86328125,30695.84765625,30158.892578125,30293.1328125,11451715,0.0,0.0
2022-02-28 00:00:00+07:00,30293.1328125,30293.1328125,29666.685546875,29666.685546875,14214636,0.0,0.0
2022-03-01 00:00:00+07:00,29800.923828125,30069.400390625,29666.685546875,29800.923828125,8779753,0.0,0.0
2022-03-02 00:00:00+07:00,29711.431640625,29756.177734375,28548.033203125,28637.525390625,22819849,0.0,0.0
2022-03-03 00:00:00+07:00,28727.017578125,29174.478515625,28682.271484375,29174.478515625,7504559,0.0,0.0
2022-03-04 00:00:00+07:00,29219.224609375,29487.701171875,28995.494140625,29308.716796875,7099831,0.0,0.0
2022-03-07 00:00:00+07:00,28727.017578125,29084.986328125,28727.017578125,28771.763671875,11622680,0.0,0.0
2022-03-08 00:00:00+07:00,28637.525390625,29040.240234375,28592.779296875,28682.271484375,8001585,0.0,0.0
2022-03-09 00:00:00+07:00,28727.017578125,28950.748046875,28369.048828125,28637.525390625,6539112,0.0,0.0
2022-03-10 00:00:00+07:00,29084.986328125,29263.970703125,28727.017578125,28727.017578125,4251205,0.0,0.0
2022-03-11 00:00:00+07:00,28727.017578125,28995.494140625,28682.271484375,28861.255859375,4279587,0.0,0.0
2022-03-14 00:00:00+07:00,28906.001953125,28995.494140625,28458.541015625,28548.033203125,5799858,0.0,0.0
2022-03-15 00:00:00+07:00,28592.779296875,28861.255859375,28503.287109375,28592.779296875,4080576,0.0,0.0
2022-03-16 00:00:00+07:00,28861.255859375,28950.748046875,28637.525390625,28637.525390625,6334625,0.0,0.0
2022-03-17 00:00:00+07:00,28906.001953125,29487.701171875,28816.509765625,29263.970703125,10022765,0.0,0.0
2022-03-18 00:00:00+07:00,29442.955078125,29711.431640625,29353.462890625,29353.462890625,4717949,0.0,0.0
2022-03-21 00:00:00+07:00,29353.462890625,29487.701171875,29129.732421875,29398.208984375,3851506,0.0,0.0
2022-03-22 00:00:00+07:00,29353.462890625,29756.177734375,29353.462890625,29532.447265625,6940599,0.0,0.0
2022-03-23 00:00:00+07:00,29532.447265625,29935.162109375,29398.208984375,29398.208984375,4649228,0.0,0.0
2022-03-24 00:00:00+07:00,29353.462890625,29442.955078125,29129.732421875,29129.732421875,5017305,0.0,0.0
2022-03-25 00:00:00+07:00,29084.986328125,29263.970703125,28727.017578125,28816.509765625,6810867,0.0,0.0
2022-03-28 00:00:00+07:00,28816.509765625,29129.732421875,28458.541015625,28458.541015625,7319850,0.0,0.0
2022-03-29 00:00:00+07:00,28637.525390625,28727.017578125,28548.033203125,28637.525390625,4271765,0.0,0.0
2022-03-30 00:00:00+07:00,28548.033203125,29129.732421875,28503.287109375,28682.271484375,5763850,0.0,0.0
2022-03-31 00:00:00+07:00,28727.017578125,29174.478515625,28727.017578125,29040.240234375,5356664,0.0,0.0
2022-04-01 00:00:00+07:00,29084.986328125,29666.685546875,29040.240234375,29577.193359375,9676813,0.0,0.0
2022-04-04 00:00:00+07:00,29890.416015625,29890.416015625,29398.208984375,29398.208984375,7591158,0.0,0.0
2022-04-05 00:00:00+07:00,29084.986328125,29353.462890625,28950.748046875,28950.748046875,6788296,0.0,0.0
2022-04-06 00:00:00+07:00,28727.017578125,29219.224609375,28727.017578125,29174.478515625,6452848,0.0,0.0
2022-04-07 00:00:00+07:00,29263.970703125,29532.447265625,28950.748046875,29129.732421875,6928308,0.0,0.0
2022-04-08 00:00:00+07:00,29084.986328125,29129.732421875,28682.271484375,28682.271484375,5957386,0.0,0.0
2022-04-12 00:00:00+07:00,28771.763671875,28816.509765625,27742.6015625,27742.6015625,6514614,0.0,0.0
2022-04-13 00:00:00+07:00,27921.5859375,28324.302734375,27921.5859375,28190.064453125,4813153,0.0,0.0
2022-04-14 00:00:00+07:00,28190.064453125,28548.033203125,27876.83984375,27921.5859375,3273132,0.0,0.0
2022-04-15 00:00:00+07:00,28145.318359375,28145.318359375,27653.109375,27742.6015625,5669651,0.0,0.0
2022-04-18 00:00:00+07:00,27653.109375,27653.109375,26131.7421875,26131.7421875,9524621,0.0,0.0
2022-04-19 00:00:00+07:00,26400.21875,26758.1875,25729.02734375,25729.02734375,5181565,0.0,0.0
2022-04-20 00:00:00+07:00,25729.02734375,26221.234375,25550.041015625,25684.279296875,4759405,0.0,0.0
2022-04-21 00:00:00+07:00,25594.787109375,26400.21875,25415.802734375,25952.7578125,6064211,0.0,0.0
2022-04-22 00:00:00+07:00,26355.47265625,26489.7109375,25863.265625,26310.7265625,4006156,0.0,0.0
2022-04-25 00:00:00+07:00,26265.98046875,26265.98046875,24476.134765625,24476.134765625,7682339,0.0,0.0
2022-04-26 00:00:00+07:00,24162.912109375,24834.103515625,22820.52734375,24744.611328125,6813549,0.0,0.0
2022-04-27 00:00:00+07:00,24744.611328125,25326.310546875,24610.373046875,25326.310546875,3777756,0.0,0.0
2022-04-28 00:00:00+07:00,25326.310546875,25460.548828125,25013.087890625,25236.818359375,2315619,0.0,0.0
2022-04-29 00:00:00+07:00,24923.595703125,25371.056640625,24834.103515625,24834.103515625,6779580,0.0,0.0
2022-05-04 00:00:00+07:00,24834.103515625,25057.833984375,24073.419921875,24162.912109375,5145360,0.0,0.0
2022-05-05 00:00:00+07:00,24520.880859375,24968.341796875,24162.912109375,24968.341796875,5145249,0.0,0.0
2022-05-06 00:00:00+07:00,24431.388671875,24968.341796875,24162.912109375,24162.912109375,2743924,0.0,0.0
2022-05-09 00:00:00+07:00,23894.435546875,23983.927734375,22507.3046875,22507.3046875,6057171,0.0,0.0
2022-05-10 00:00:00+07:00,21478.14453125,22641.54296875,21478.14453125,22552.05078125,7256939,0.0,0.0
2022-05-11 00:00:00+07:00,22686.2890625,24073.419921875,22552.05078125,23894.435546875,6466592,0.0,0.0
2022-05-12 00:00:00+07:00,23312.734375,23804.943359375,22238.828125,22373.06640625,7141182,0.0,0.0
2022-05-13 00:00:00+07:00,22373.06640625,22507.3046875,21030.681640625,21388.65234375,8977759,0.0,0.0
2022-05-16 00:00:00+07:00,22373.06640625,22686.2890625,21925.60546875,21970.3515625,5836705,0.0,0.0
2022-05-17 00:00:00+07:00,21836.11328125,23491.720703125,21836.11328125,23491.720703125,6603028,0.0,0.0
2022-05-18 00:00:00+07:00,23760.197265625,24386.642578125,23536.466796875,23804.943359375,7315157,0.0,0.0
2022-05-19 00:00:00+07:00,23267.98828125,23625.958984375,23089.00390625,23357.48046875,4770915,0.0,0.0
2022-05-20 00:00:00+07:00,23357.48046875,23670.705078125,23133.75,23178.49609375,5643839,0.0,0.0
2022-05-23 00:00:00+07:00,23223.2421875,23446.97265625,22373.06640625,22373.06640625,4837066,0.0,0.0
2022-05-24 00:00:00+07:00,22373.06640625,23267.98828125,22373.06640625,23267.98828125,4971491,0.0,0.0
2022-05-25 00:00:00+07:00,23267.98828125,24162.912109375,23267.98828125,24073.419921875,6148017,0.0,0.0
2022-05-26 00:00:00+07:00,24386.642578125,24386.642578125,23760.197265625,23894.435546875,4358588,0.0,0.0
2022-05-27 00:00:00+07:00,24162.912109375,24386.642578125,23894.435546875,24162.912109375,4390547,0.0,0.0
2022-05-30 00:00:00+07:00,24207.658203125,24520.880859375,24162.912109375,24431.388671875,3149322,0.0,0.0
2022-05-31 00:00:00+07:00,24207.658203125,25013.087890625,24162.912109375,24968.341796875,6902831,0.0,0.0
2022-06-01 00:00:00+07:00,24655.119140625,25057.833984375,24610.373046875,24834.103515625,4615482,0.0,0.0
2022-06-02 00:00:00+07:00,24834.103515625,25057.833984375,24431.388671875,24834.103515625,4907574,0.0,0.0
2022-06-03 00:00:00+07:00,24520.880859375,24699.865234375,24028.673828125,24520.880859375,2614192,0.0,0.0
2022-06-06 00:00:00+07:00,24520.880859375,24834.103515625,24341.896484375,24341.896484375,4197122,0.0,0.0
2022-06-07 00:00:00+07:00,24341.896484375,24520.880859375,23715.451171875,24520.880859375,3228770,0.0,0.0
2022-06-08 00:00:00+07:00,24520.880859375,25147.326171875,24431.388671875,24789.357421875,6093710,0.0,0.0
2022-06-09 00:00:00+07:00,24968.341796875,24968.341796875,24610.373046875,24789.357421875,3455829,0.0,0.0
2022-06-10 00:00:00+07:00,24610.373046875,24699.865234375,24252.404296875,24252.404296875,3683446,0.0,0.0
2022-06-13 00:00:00+07:00,23715.451171875,23804.943359375,22596.796875,22596.796875,7773409,0.0,0.0
2022-06-14 00:00:00+07:00,22373.06640625,23044.2578125,22104.58984375,22596.796875,3281512,0.0,0.0
2022-06-15 00:00:00+07:00,22373.06640625,22731.03515625,21522.890625,21925.60546875,3581762,0.0,0.0
2022-06-16 00:00:00+07:00,22194.08203125,22552.05078125,21925.60546875,22104.58984375,3309448,0.0,0.0
2022-06-17 00:00:00+07:00,21478.14453125,21612.3828125,20627.966796875,21075.427734375,3600087,0.0,0.0
2022-06-20 00:00:00+07:00,20941.189453125,21343.90625,20225.251953125,20225.251953125,5289730,0.0,0.0
2022-06-21 00:00:00+07:00,20135.759765625,21075.427734375,20135.759765625,20627.966796875,5127146,0.0,0.0
2022-06-22 00:00:00+07:00,20896.443359375,21478.14453125,20896.443359375,21120.173828125,3232122,0.0,0.0
2022-06-23 00:00:00+07:00,21030.681640625,22596.796875,21030.681640625,22596.796875,5217322,0.0,0.0
2022-06-24 00:00:00+07:00,22596.796875,22820.52734375,22104.58984375,22149.3359375,3290787,0.0,0.0
2022-06-27 00:00:00+07:00,22149.3359375,22954.765625,22104.58984375,22910.01953125,4489549,0.0,0.0
2022-06-28 00:00:00+07:00,22820.52734375,24476.134765625,22328.3203125,23894.435546875,10434421,0.0,0.0
2022-06-29 00:00:00+07:00,23760.197265625,24162.912109375,23760.197265625,24028.673828125,4211648,0.0,0.0
2022-06-30 00:00:00+07:00,23983.927734375,24118.166015625,23357.48046875,23402.2265625,3482759,0.0,0.0
2022-07-01 00:00:00+07:00,23446.97265625,24162.912109375,22865.2734375,24118.166015625,3949391,0.0,0.0
2022-07-04 00:00:00+07:00,24297.150390625,24297.150390625,23804.943359375,23804.943359375,4479940,0.0,0.0
2022-07-05 00:00:00+07:00,23760.197265625,24610.373046875,23760.197265625,24162.912109375,5514331,0.0,0.0
2022-07-06 00:00:00+07:00,23491.720703125,24073.419921875,23089.00390625,23133.75,4839971,0.0,0.0
2022-07-07 00:00:00+07:00,23178.49609375,23983.927734375,23089.00390625,23536.466796875,3724902,0.0,0.0
2022-07-08 00:00:00+07:00,23715.451171875,23849.689453125,23044.2578125,23178.49609375,2967072,0.0,0.0
2022-07-11 00:00:00+07:00,23133.75,23133.75,22775.78125,22820.52734375,2851978,0.0,0.0
2022-07-12 00:00:00+07:00,22820.52734375,23267.98828125,22731.03515625,22999.51171875,4962998,0.0,0.0
2022-07-13 00:00:00+07:00,23044.2578125,24118.166015625,23044.2578125,23760.197265625,4323166,0.0,0.0
2022-07-14 00:00:00+07:00,23715.451171875,24341.896484375,23536.466796875,24162.912109375,6885846,0.0,0.0
2022-07-15 00:00:00+07:00,24341.896484375,24610.373046875,24162.912109375,24162.912109375,10206803,0.0,0.0
2022-07-18 00:00:00+07:00,24252.404296875,24341.896484375,24073.419921875,24073.419921875,4443400,0.0,0.0
2022-07-19 00:00:00+07:00,23939.181640625,24073.419921875,23536.466796875,23760.197265625,3187873,0.0,0.0
2022-07-20 00:00:00+07:00,24118.166015625,24476.134765625,23804.943359375,24207.658203125,4823210,0.0,0.0
2022-07-21 00:00:00+07:00,24207.658203125,24610.373046875,24207.658203125,24610.373046875,5391192,0.0,0.0
2022-07-22 00:00:00+07:00,24699.865234375,24744.611328125,24073.419921875,24073.419921875,3802563,0.0,0.0
2022-07-25 00:00:00+07:00,23939.181640625,24252.404296875,23804.943359375,23804.943359375,2480773,0.0,0.0
2022-07-26 00:00:00+07:00,24028.673828125,24073.419921875,23715.451171875,23760.197265625,3009198,0.0,0.0
2022-07-27 00:00:00+07:00,23625.958984375,24162.912109375,23491.720703125,24162.912109375,1953464,0.0,0.0
2022-07-28 00:00:00+07:00,24341.896484375,25236.818359375,24162.912109375,24699.865234375,10277089,0.0,0.0
2022-07-29 00:00:00+07:00,24834.103515625,25057.833984375,24341.896484375,24341.896484375,6106337,0.0,0.0
2022-08-01 00:00:00+07:00,24655.119140625,25684.279296875,24655.119140625,25684.279296875,9786208,0.0,0.0
2022-08-02 00:00:00+07:00,25594.787109375,25908.01171875,25371.056640625,25594.787109375,5107256,0.0,0.0
2022-08-03 00:00:00+07:00,25415.802734375,26176.48828125,25326.310546875,26042.25,6861933,0.0,0.0
2022-08-04 00:00:00+07:00,26131.7421875,26221.234375,25729.02734375,25818.51953125,5990350,0.0,0.0
2022-08-05 00:00:00+07:00,25863.265625,26042.25,25684.279296875,25952.7578125,3301179,0.0,0.0
2022-08-08 00:00:00+07:00,25997.50390625,26176.48828125,25818.51953125,25952.7578125,3678194,0.0,0.0
2022-08-09 00:00:00+07:00,25997.50390625,26042.25,25639.533203125,25773.7734375,4053758,0.0,0.0
2022-08-10 00:00:00+07:00,25594.787109375,25818.51953125,25371.056640625,25460.548828125,4094767,0.0,0.0
2022-08-11 00:00:00+07:00,25729.02734375,25952.7578125,25415.802734375,25505.294921875,4976295,0.0,0.0
2022-08-12 00:00:00+07:00,25550.041015625,25684.279296875,25415.802734375,25639.533203125,2169461,0.0,0.0
2022-08-15 00:00:00+07:00,25818.51953125,26355.47265625,25773.7734375,26355.47265625,6956131,0.0,0.0
2022-08-16 00:00:00+07:00,26355.47265625,26400.21875,26042.25,26131.7421875,4343964,0.0,0.0
2022-08-17 00:00:00+07:00,26221.234375,26355.47265625,26042.25,26042.25,4226175,0.0,0.0
2022-08-18 00:00:00+07:00,26042.25,26086.99609375,25729.02734375,25729.02734375,4071748,0.0,0.0
2022-08-19 00:00:00+07:00,25639.533203125,25997.50390625,25236.818359375,25281.564453125,5474998,0.0,0.0
2022-08-22 00:00:00+07:00,25281.564453125,25415.802734375,24923.595703125,25057.833984375,6267915,0.0,0.0
2022-08-23 00:00:00+07:00,24878.849609375,25192.072265625,24744.611328125,25057.833984375,5036524,0.0,0.0
2022-08-24 00:00:00+07:00,25371.056640625,25550.041015625,25192.072265625,25236.818359375,3495162,0.0,0.0
2022-08-25 00:00:00+07:00,25371.056640625,25684.279296875,25147.326171875,25684.279296875,4738510,0.0,0.0
2022-08-26 00:00:00+07:00,25863.265625,25863.265625,25371.056640625,25460.548828125,4431332,0.0,0.0
2022-08-29 00:00:00+07:00,25192.072265625,25236.818359375,24699.865234375,24968.341796875,4603638,0.0,0.0
2022-08-30 00:00:00+07:00,24968.341796875,25550.041015625,24968.341796875,25415.802734375,4564640,0.0,0.0
2022-08-31 00:00:00+07:00,25326.310546875,25505.294921875,24968.341796875,25281.564453125,2318971,0.0,0.0
2022-09-05 00:00:00+07:00,25281.564453125,25371.056640625,24968.341796875,25013.087890625,2017828,0.0,0.0
2022-09-06 00:00:00+07:00,24968.341796875,25639.533203125,24968.341796875,25281.564453125,3397388,0.0,0.0
2022-09-07 00:00:00+07:00,25281.564453125,25415.802734375,24476.134765625,24476.134765625,4757394,0.0,0.0
2022-09-08 00:00:00+07:00,24610.373046875,24699.865234375,24028.673828125,24028.673828125,4144603,0.0,0.0
2022-09-09 00:00:00+07:00,24118.166015625,24341.896484375,23581.212890625,24028.673828125,2034142,0.0,0.0
2022-09-12 00:00:00+07:00,24162.912109375,24386.642578125,24162.912109375,24207.658203125,1870505,0.0,0.0
2022-09-13 00:00:00+07:00,24252.404296875,24744.611328125,24207.658203125,24610.373046875,2769960,0.0,0.0
2022-09-14 00:00:00+07:00,24162.912109375,24341.896484375,24073.419921875,24162.912109375,2439540,0.0,0.0
2022-09-15 00:00:00+07:00,24162.912109375,24431.388671875,24073.419921875,24073.419921875,1503034,0.0,0.0
2022-09-16 00:00:00+07:00,23804.943359375,24073.419921875,23446.97265625,23446.97265625,2216280,0.0,0.0
2022-09-19 00:00:00+07:00,23223.2421875,23402.2265625,22596.796875,22820.52734375,2779681,0.0,0.0
2022-09-20 00:00:00+07:00,22910.01953125,23267.98828125,22910.01953125,23267.98828125,2236170,0.0,0.0
2022-09-21 00:00:00+07:00,23178.49609375,23223.2421875,22820.52734375,22865.2734375,1912902,0.0,0.0
2022-09-22 00:00:00+07:00,22641.54296875,22910.01953125,22373.06640625,22731.03515625,3661657,0.0,0.0
2022-09-23 00:00:00+07:00,22731.03515625,22910.01953125,22373.06640625,22373.06640625,1852785,0.0,0.0
2022-09-26 00:00:00+07:00,22104.58984375,22104.58984375,20806.951171875,21030.681640625,7277165,0.0,0.0
2022-09-27 00:00:00+07:00,21030.681640625,21388.65234375,20851.697265625,20985.935546875,2812310,0.0,0.0
2022-09-28 00:00:00+07:00,20941.189453125,21254.4140625,20851.697265625,20851.697265625,3033558,0.0,0.0
2022-09-29 00:00:00+07:00,21075.427734375,21388.65234375,20225.251953125,20225.251953125,3818654,0.0,0.0
2022-09-30 00:00:00+07:00,20269.998046875,20806.951171875,20091.013671875,20762.205078125,6165113,0.0,0.0
2022-10-03 00:00:00+07:00,20314.744140625,20583.220703125,19330.330078125,19330.330078125,6358538,0.0,0.0
2022-10-04 00:00:00+07:00,19688.298828125,20314.744140625,18345.9140625,18569.64453125,6856123,0.0,0.0
2022-10-05 00:00:00+07:00,19061.853515625,19867.283203125,19061.853515625,19688.298828125,5006354,0.0,0.0
2022-10-06 00:00:00+07:00,19688.298828125,19912.029296875,19017.107421875,19151.345703125,4755941,0.0,0.0
2022-10-07 00:00:00+07:00,19061.853515625,19061.853515625,17853.70703125,17853.70703125,9499815,0.0,0.0
2022-10-10 00:00:00+07:00,17629.9765625,18748.62890625,17450.9921875,18524.8984375,5523605,0.0,0.0
2022-10-11 00:00:00+07:00,18524.8984375,18569.64453125,17450.9921875,17719.46875,7526013,0.0,0.0
2022-10-12 00:00:00+07:00,17898.453125,18927.61328125,17808.9609375,18927.61328125,6994123,0.0,0.0
2022-10-13 00:00:00+07:00,19061.853515625,20046.267578125,18927.61328125,20046.267578125,8300605,0.0,0.0
2022-10-14 00:00:00+07:00,20448.982421875,20538.474609375,20091.013671875,20314.744140625,8025498,0.0,0.0
2022-10-17 00:00:00+07:00,20225.251953125,20359.490234375,19598.806640625,20180.505859375,5347165,0.0,0.0
2022-10-18 00:00:00+07:00,20493.728515625,20941.189453125,20448.982421875,20583.220703125,4408649,0.0,0.0
2022-10-19 00:00:00+07:00,20583.220703125,20896.443359375,20180.505859375,20762.205078125,4721972,0.0,0.0
2022-10-20 00:00:00+07:00,20762.205078125,21209.666015625,20269.998046875,20806.951171875,4389764,0.0,0.0
2022-10-21 00:00:00+07:00,20806.951171875,20806.951171875,19375.076171875,19375.076171875,7518638,0.0,0.0
2022-10-24 00:00:00+07:00,19419.822265625,19688.298828125,18614.390625,18793.375,5603836,0.0,0.0
2022-10-25 00:00:00+07:00,18972.359375,20091.013671875,18748.62890625,20091.013671875,9738606,0.0,0.0
2022-10-26 00:00:00+07:00,20091.013671875,20762.205078125,20001.521484375,20046.267578125,3910505,0.0,0.0
2022-10-27 00:00:00+07:00,20359.490234375,21433.3984375,20135.759765625,21433.3984375,9166825,0.0,0.0
2022-10-28 00:00:00+07:00,21746.62109375,22283.57421875,21478.14453125,21522.890625,8527552,0.0,0.0
2022-10-31 00:00:00+07:00,21746.62109375,22059.84375,20896.443359375,22015.09765625,11531164,0.0,0.0
2022-11-01 00:00:00+07:00,22104.58984375,22775.78125,21836.11328125,21880.859375,9868450,0.0,0.0
2022-11-02 00:00:00+07:00,21522.890625,21970.3515625,21343.90625,21478.14453125,6023202,0.0,0.0
2022-11-03 00:00:00+07:00,21075.427734375,21567.63671875,21030.681640625,21120.173828125,8469111,0.0,0.0
2022-11-04 00:00:00+07:00,20941.189453125,21925.60546875,19688.298828125,21925.60546875,16433822,0.0,0.0
2022-11-07 00:00:00+07:00,21746.62109375,21925.60546875,20627.966796875,20896.443359375,8185735,0.0,0.0
2022-11-08 00:00:00+07:00,20583.220703125,21612.3828125,20583.220703125,21343.90625,9326616,0.0,0.0
2022-11-09 00:00:00+07:00,21567.63671875,22238.828125,21478.14453125,21880.859375,12524769,0.0,0.0
2022-11-10 00:00:00+07:00,21567.63671875,21746.62109375,20359.490234375,20359.490234375,10753219,0.0,0.0
2022-11-11 00:00:00+07:00,21254.4140625,21746.62109375,20941.189453125,21120.173828125,10940051,0.0,0.0
2022-11-14 00:00:00+07:00,20762.205078125,21791.3671875,20359.490234375,21388.65234375,10095732,0.0,0.0
2022-11-15 00:00:00+07:00,21120.173828125,21388.65234375,19912.029296875,20941.189453125,13959642,0.0,0.0
2022-11-16 00:00:00+07:00,19956.775390625,22283.57421875,19912.029296875,22194.08203125,14559023,0.0,0.0
2022-11-17 00:00:00+07:00,22373.06640625,23089.00390625,22059.84375,22373.06640625,13271984,0.0,0.0
2022-11-18 00:00:00+07:00,21970.3515625,22373.06640625,21030.681640625,22104.58984375,12980116,0.0,0.0
2022-11-21 00:00:00+07:00,22104.58984375,22194.08203125,21567.63671875,21567.63671875,6458993,0.0,0.0
2022-11-22 00:00:00+07:00,21388.65234375,22283.57421875,21030.681640625,21388.65234375,8592809,0.0,0.0
2022-11-23 00:00:00+07:00,21388.65234375,22149.3359375,21299.16015625,21836.11328125,6727173,0.0,0.0
2022-11-24 00:00:00+07:00,21701.875,22015.09765625,21299.16015625,22015.09765625,4672694,0.0,0.0
2022-11-25 00:00:00+07:00,22283.57421875,23089.00390625,22059.84375,23089.00390625,15827848,0.0,0.0
2022-11-28 00:00:00+07:00,23357.48046875,24565.626953125,23357.48046875,24431.388671875,12973635,0.0,0.0
2022-11-29 00:00:00+07:00,24162.912109375,24520.880859375,23357.48046875,24520.880859375,10810207,0.0,0.0
2022-11-30 00:00:00+07:00,24207.658203125,25057.833984375,23849.689453125,24386.642578125,7279735,0.0,0.0
2022-12-01 00:00:00+07:00,24476.134765625,24789.357421875,23267.98828125,23402.2265625,12029754,0.0,0.0
2022-12-02 00:00:00+07:00,23536.466796875,25013.087890625,23312.734375,25013.087890625,10148921,0.0,0.0
2022-12-05 00:00:00+07:00,25505.294921875,25594.787109375,24878.849609375,25594.787109375,8590127,0.0,0.0
2022-12-06 00:00:00+07:00,25147.326171875,25594.787109375,24028.673828125,24162.912109375,8628566,0.0,0.0
2022-12-07 00:00:00+07:00,24073.419921875,24878.849609375,23939.181640625,24476.134765625,4647664,0.0,0.0
2022-12-08 00:00:00+07:00,24699.865234375,25863.265625,24520.880859375,24878.849609375,5970013,0.0,0.0
2022-12-09 00:00:00+07:00,24878.849609375,25102.580078125,24207.658203125,25102.580078125,5908667,0.0,0.0
2022-12-12 00:00:00+07:00,25057.833984375,25236.818359375,24565.626953125,24565.626953125,4461949,0.0,0.0
2022-12-13 00:00:00+07:00,24431.388671875,25236.818359375,24252.404296875,25192.072265625,4371550,0.0,0.0
2022-12-14 00:00:00+07:00,25415.802734375,25460.548828125,24923.595703125,24968.341796875,2883042,0.0,0.0
2022-12-15 00:00:00+07:00,24968.341796875,25281.564453125,24968.341796875,25281.564453125,3943692,0.0,0.0
2022-12-16 00:00:00+07:00,24834.103515625,25281.564453125,24834.103515625,25102.580078125,3732277,0.0,0.0
2022-12-19 00:00:00+07:00,25057.833984375,25505.294921875,24655.119140625,24655.119140625,6108796,0.0,0.0
2022-12-20 00:00:00+07:00,24655.119140625,25057.833984375,23804.943359375,25057.833984375,7485339,0.0,0.0
2022-12-21 00:00:00+07:00,25057.833984375,25057.833984375,24162.912109375,24610.373046875,3421189,0.0,0.0
2022-12-22 00:00:00+07:00,24610.373046875,25192.072265625,24610.373046875,24699.865234375,3780438,0.0,0.0
2022-12-23 00:00:00+07:00,24610.373046875,25013.087890625,24431.388671875,24744.611328125,3383420,0.0,0.0
2022-12-26 00:00:00+07:00,24744.611328125,24789.357421875,23267.98828125,23312.734375,3976768,0.0,0.0
2022-12-27 00:00:00+07:00,23357.48046875,23939.181640625,23267.98828125,23804.943359375,4034873,0.0,0.0
2022-12-28 00:00:00+07:00,23804.943359375,24341.896484375,23536.466796875,24297.150390625,2112137,0.0,0.0
2022-12-29 00:00:00+07:00,24252.404296875,24610.373046875,24073.419921875,24162.912109375,2053920,0.0,0.0
2022-12-30 00:00:00+07:00,24162.912109375,24476.134765625,23939.181640625,24386.642578125,1557788,0.0,0.0
2023-01-03 00:00:00+07:00,24476.134765625,25057.833984375,24386.642578125,25057.833984375,3885475,0.0,0.0
2023-01-04 00:00:00+07:00,25057.833984375,25863.265625,24968.341796875,25505.294921875,6596882,0.0,0.0
2023-01-05 00:00:00+07:00,25505.294921875,25729.02734375,25281.564453125,25505.294921875,2361433,0.0,0.0
2023-01-06 00:00:00+07:00,25505.294921875,26176.48828125,25102.580078125,25594.787109375,7657198,0.0,0.0
2023-01-09 00:00:00+07:00,25684.279296875,26042.25,25684.279296875,26042.25,4750801,0.0,0.0
2023-01-10 00:00:00+07:00,26131.7421875,26131.7421875,25550.041015625,25550.041015625,3492257,0.0,0.0
2023-01-11 00:00:00+07:00,25594.787109375,26086.99609375,25594.787109375,26042.25,3883240,0.0,0.0
2023-01-12 00:00:00+07:00,26042.25,26131.7421875,25729.02734375,25863.265625,3385208,0.0,0.0
2023-01-13 00:00:00+07:00,26042.25,26131.7421875,25415.802734375,26042.25,3323639,0.0,0.0
2023-01-16 00:00:00+07:00,26042.25,26847.6796875,25863.265625,26847.6796875,6217733,0.0,0.0
2023-01-17 00:00:00+07:00,26937.171875,27429.37890625,26937.171875,27384.6328125,3884022,0.0,0.0
2023-01-18 00:00:00+07:00,27384.6328125,27608.36328125,27205.6484375,27518.87109375,3715069,0.0,0.0
2023-01-19 00:00:00+07:00,27474.125,27832.09375,26981.91796875,27832.09375,5762956,0.0,0.0
2023-01-27 00:00:00+07:00,27832.09375,27966.333984375,27026.6640625,27160.90234375,3828487,0.0,0.0
2023-01-30 00:00:00+07:00,26847.6796875,26981.91796875,26579.203125,26623.94921875,4400938,0.0,0.0
2023-01-31 00:00:00+07:00,26579.203125,27295.140625,26400.21875,27295.140625,3852846,0.0,0.0
2023-02-01 00:00:00+07:00,27295.140625,27429.37890625,25505.294921875,25952.7578125,5097647,0.0,0.0
2023-02-02 00:00:00+07:00,25952.7578125,26355.47265625,25684.279296875,26131.7421875,3760883,0.0,0.0
2023-02-03 00:00:00+07:00,26131.7421875,26310.7265625,25997.50390625,25997.50390625,4097896,0.0,0.0
2023-02-06 00:00:00+07:00,25773.7734375,26758.1875,25550.041015625,26758.1875,3017020,0.0,0.0
2023-02-07 00:00:00+07:00,26668.6953125,27026.6640625,26086.99609375,26131.7421875,3692721,0.0,0.0
2023-02-08 00:00:00+07:00,26176.48828125,27026.6640625,26131.7421875,26758.1875,3607462,0.0,0.0
2023-02-09 00:00:00+07:00,26758.1875,27026.6640625,26310.7265625,26310.7265625,3096692,0.0,0.0
2023-02-10 00:00:00+07:00,26310.7265625,26668.6953125,26042.25,26042.25,2428478,0.0,0.0
2023-02-13 00:00:00+07:00,25818.51953125,26221.234375,25773.7734375,26086.99609375,2439763,0.0,0.0
2023-02-14 00:00:00+07:00,26221.234375,26310.7265625,25684.279296875,25684.279296875,1957934,0.0,0.0
2023-02-15 00:00:00+07:00,25684.279296875,26265.98046875,25594.787109375,25863.265625,1646734,0.0,0.0
2023-02-16 00:00:00+07:00,25997.50390625,26802.93359375,25908.01171875,26579.203125,3375822,0.0,0.0
2023-02-17 00:00:00+07:00,26579.203125,26758.1875,26310.7265625,26534.45703125,2834993,0.0,0.0
2023-02-20 00:00:00+07:00,26713.44140625,27250.39453125,26579.203125,27250.39453125,5189163,0.0,0.0
2023-02-21 00:00:00+07:00,27205.6484375,27295.140625,26713.44140625,26713.44140625,3358167,0.0,0.0
2023-02-22 00:00:00+07:00,26489.7109375,26579.203125,25863.265625,25863.265625,4486197,0.0,0.0
2023-02-23 00:00:00+07:00,25505.294921875,25952.7578125,25326.310546875,25952.7578125,4618499,0.0,0.0
2023-02-24 00:00:00+07:00,25863.265625,25863.265625,25281.564453125,25281.564453125,2523346,0.0,0.0
2023-02-27 00:00:00+07:00,25236.818359375,25236.818359375,24565.626953125,24655.119140625,2010006,0.0,0.0
2023-02-28 00:00:00+07:00,24878.849609375,25057.833984375,24520.880859375,24520.880859375,1458897,0.0,0.0
2023-03-01 00:00:00+07:00,24476.134765625,25281.564453125,24252.404296875,25281.564453125,2523793,0.0,0.0
2023-03-02 00:00:00+07:00,25326.310546875,25371.056640625,24834.103515625,24878.849609375,2044757,0.0,0.0
2023-03-03 00:00:00+07:00,25057.833984375,25057.833984375,24565.626953125,24878.849609375,2087442,0.0,0.0
2023-03-06 00:00:00+07:00,24923.595703125,25729.02734375,24923.595703125,25371.056640625,3568576,0.0,0.0
2023-03-07 00:00:00+07:00,25371.056640625,25952.7578125,25371.056640625,25952.7578125,3521645,0.0,0.0
2023-03-08 00:00:00+07:00,25505.294921875,26400.21875,25460.548828125,26310.7265625,4935063,0.0,0.0
2023-03-09 00:00:00+07:00,26310.7265625,26579.203125,26176.48828125,26310.7265625,3088088,0.0,0.0
2023-03-10 00:00:00+07:00,26176.48828125,26176.48828125,25684.279296875,26131.7421875,1904075,0.0,0.0
2023-03-13 00:00:00+07:00,25639.533203125,26310.7265625,25594.787109375,26221.234375,2077721,0.0,0.0
2023-03-14 00:00:00+07:00,26176.48828125,26176.48828125,25371.056640625,25952.7578125,2484907,0.0,0.0
2023-03-15 00:00:00+07:00,26221.234375,26489.7109375,25997.50390625,26400.21875,3169324,0.0,0.0
2023-03-16 00:00:00+07:00,25952.7578125,26131.7421875,25505.294921875,25908.01171875,2492505,0.0,0.0
2023-03-17 00:00:00+07:00,25997.50390625,26221.234375,25773.7734375,25952.7578125,1270389,0.0,0.0
2023-03-20 00:00:00+07:00,25908.01171875,25908.01171875,25057.833984375,25057.833984375,1934692,0.0,0.0
2023-03-21 00:00:00+07:00,25594.787109375,25594.787109375,25057.833984375,25326.310546875,1180213,0.0,0.0
2023-03-22 00:00:00+07:00,25460.548828125,25684.279296875,25236.818359375,25505.294921875,1675563,0.0,0.0
2023-03-23 00:00:00+07:00,25236.818359375,25684.279296875,25147.326171875,25684.279296875,3303190,0.0,0.0
2023-03-24 00:00:00+07:00,25684.279296875,25818.51953125,25326.310546875,25505.294921875,2971318,0.0,0.0
2023-03-27 00:00:00+07:00,25505.294921875,25863.265625,25326.310546875,25729.02734375,1556223,0.0,0.0
2023-03-28 00:00:00+07:00,25729.02734375,25952.7578125,25729.02734375,25863.265625,2362774,0.0,0.0
2023-03-29 00:00:00+07:00,25773.7734375,25997.50390625,25773.7734375,25952.7578125,1932345,0.0,0.0
2023-03-30 00:00:00+07:00,26042.25,26131.7421875,25773.7734375,25952.7578125,1694336,0.0,0.0
2023-03-31 00:00:00+07:00,25863.265625,26131.7421875,25684.279296875,26131.7421875,2605588,0.0,0.0
2023-04-03 00:00:00+07:00,26400.21875,26892.42578125,26310.7265625,26802.93359375,4248747,0.0,0.0
2023-04-04 00:00:00+07:00,26802.93359375,26802.93359375,26444.96484375,26534.45703125,2536643,0.0,0.0
2023-04-05 00:00:00+07:00,26534.45703125,26937.171875,26265.98046875,26847.6796875,3920897,0.0,0.0
2023-04-06 00:00:00+07:00,26847.6796875,26847.6796875,26444.96484375,26444.96484375,2212816,0.0,0.0
2023-04-07 00:00:00+07:00,26400.21875,26444.96484375,26221.234375,26400.21875,1800826,0.0,0.0
2023-04-10 00:00:00+07:00,26400.21875,26579.203125,26221.234375,26265.98046875,2122529,0.0,0.0
2023-04-11 00:00:00+07:00,26355.47265625,26489.7109375,26131.7421875,26489.7109375,1374643,0.0,0.0
2023-04-12 00:00:00+07:00,26579.203125,26579.203125,26310.7265625,26400.21875,4942103,0.0,0.0
2023-04-13 00:00:00+07:00,26310.7265625,26400.21875,26042.25,26310.7265625,1632990,0.0,0.0
2023-04-14 00:00:00+07:00,26355.47265625,26400.21875,26042.25,26042.25,1723500,0.0,0.0
2023-04-17 00:00:00+07:00,26042.25,26221.234375,25773.7734375,26131.7421875,1551307,0.0,0.0
2023-04-18 00:00:00+07:00,26131.7421875,26221.234375,25952.7578125,26042.25,1348943,0.0,0.0
2023-04-19 00:00:00+07:00,25997.50390625,26086.99609375,25639.533203125,25684.279296875,4154995,0.0,0.0
2023-04-20 00:00:00+07:00,25639.533203125,25729.02734375,25415.802734375,25729.02734375,1517896,0.0,0.0
2023-04-21 00:00:00+07:00,25505.294921875,25729.02734375,25505.294921875,25594.787109375,1071042,0.0,0.0
2023-04-24 00:00:00+07:00,25550.041015625,26131.7421875,25236.818359375,25863.265625,3120828,0.0,0.0
2023-04-25 00:00:00+07:00,25952.7578125,25952.7578125,25505.294921875,25505.294921875,1464484,0.0,0.0
2023-04-26 00:00:00+07:00,25505.294921875,25773.7734375,25013.087890625,25415.802734375,4270089,0.0,0.0
2023-04-27 00:00:00+07:00,25415.802734375,25684.279296875,25371.056640625,25371.056640625,2244104,0.0,0.0
2023-04-28 00:00:00+07:00,25505.294921875,25818.51953125,25505.294921875,25818.51953125,4934392,0.0,0.0
2023-05-04 00:00:00+07:00,25594.787109375,25594.787109375,25236.818359375,25281.564453125,3212456,0.0,0.0
2023-05-05 00:00:00+07:00,25281.564453125,25326.310546875,24878.849609375,24923.595703125,4850028,0.0,0.0
2023-05-08 00:00:00+07:00,25057.833984375,25102.580078125,24923.595703125,24968.341796875,4170081,0.0,0.0
2023-05-09 00:00:00+07:00,25102.580078125,25281.564453125,25057.833984375,25057.833984375,3284530,0.0,0.0
2023-05-10 00:00:00+07:00,25102.580078125,25281.564453125,25013.087890625,25281.564453125,6228694,0.0,0.0
2023-05-11 00:00:00+07:00,25415.802734375,25460.548828125,25281.564453125,25371.056640625,3406216,0.0,0.0
2023-05-12 00:00:00+07:00,25371.056640625,25415.802734375,25192.072265625,25415.802734375,4375573,0.0,0.0
2023-05-15 00:00:00+07:00,25505.294921875,25639.533203125,25147.326171875,25147.326171875,7668260,0.0,0.0
2023-05-16 00:00:00+07:00,25236.818359375,25281.564453125,25013.087890625,25013.087890625,3472814,0.0,0.0
2023-05-17 00:00:00+07:00,25057.833984375,25147.326171875,24610.373046875,24610.373046875,5873133,0.0,0.0
2023-05-18 00:00:00+07:00,24789.357421875,24968.341796875,24610.373046875,24834.103515625,5268276,0.0,0.0
2023-05-19 00:00:00+07:00,24968.341796875,25236.818359375,24744.611328125,25057.833984375,2330145,0.0,0.0
2023-05-22 00:00:00+07:00,25057.833984375,25236.818359375,25013.087890625,25013.087890625,3538965,0.0,0.0
2023-05-23 00:00:00+07:00,25147.326171875,25147.326171875,24789.357421875,24968.341796875,4523854,0.0,0.0
2023-05-24 00:00:00+07:00,25057.833984375,25057.833984375,24699.865234375,24834.103515625,4382166,0.0,0.0
2023-05-25 00:00:00+07:00,24744.611328125,24878.849609375,24655.119140625,24699.865234375,3463651,0.0,0.0
2023-05-26 00:00:00+07:00,24699.865234375,24878.849609375,24610.373046875,24878.849609375,3778985,0.0,0.0
2023-05-29 00:00:00+07:00,24878.849609375,25192.072265625,24878.849609375,25057.833984375,5431642,0.0,0.0
2023-05-30 00:00:00+07:00,25147.326171875,25192.072265625,24968.341796875,25102.580078125,3405992,0.0,0.0
2023-05-31 00:00:00+07:00,25102.580078125,25102.580078125,24878.849609375,25057.833984375,9570642,0.0,0.0
2023-06-01 00:00:00+07:00,25057.833984375,25147.326171875,24923.595703125,25013.087890625,2810522,0.0,0.0
2023-06-02 00:00:00+07:00,25102.580078125,25729.02734375,25057.833984375,25639.533203125,16405775,0.0,0.0
2023-06-05 00:00:00+07:00,25863.265625,25997.50390625,25639.533203125,25729.02734375,5660600,0.0,0.0
2023-06-06 00:00:00+07:00,25818.51953125,25952.7578125,25594.787109375,25684.279296875,9934042,0.0,0.0
2023-06-07 00:00:00+07:00,25818.51953125,26131.7421875,25729.02734375,25863.265625,8902110,0.0,0.0
2023-06-08 00:00:00+07:00,25863.265625,25952.7578125,25550.041015625,25550.041015625,7560094,0.0,0.0
2023-06-09 00:00:00+07:00,25550.041015625,25639.533203125,25147.326171875,25371.056640625,10182779,0.0,0.0
2023-06-12 00:00:00+07:00,25415.802734375,25460.548828125,24923.595703125,25415.802734375,11771296,0.0,0.0
2023-06-13 00:00:00+07:00,25371.056640625,25460.548828125,25236.818359375,25326.310546875,7937222,0.0,0.0
2023-06-14 00:00:00+07:00,25460.548828125,26131.7421875,25460.548828125,25684.279296875,19502579,0.0,0.0
2023-06-15 00:00:00+07:00,25684.279296875,26265.98046875,25684.279296875,25952.7578125,10954577,0.0,0.0
2023-06-16 00:00:00+07:00,25997.50390625,26131.7421875,25505.294921875,25505.294921875,8305410,0.0,0.0
2023-06-19 00:00:00+07:00,25550.041015625,25818.51953125,25550.041015625,25594.787109375,3938552,0.0,0.0
2023-06-20 00:00:00+07:00,25639.533203125,26131.7421875,25550.041015625,26131.7421875,5901739,0.0,0.0
2023-06-21 00:00:00+07:00,26042.25,26221.234375,25818.51953125,26086.99609375,5408512,0.0,0.0
2023-06-22 00:00:00+07:00,26221.234375,26534.45703125,26131.7421875,26355.47265625,5701610,0.0,0.0
2023-06-23 00:00:00+07:00,26400.21875,26444.96484375,26086.99609375,26176.48828125,6429270,0.0,0.0
2023-06-26 00:00:00+07:00,25997.50390625,26355.47265625,25863.265625,26176.48828125,7220847,0.0,0.0
2023-06-27 00:00:00+07:00,26221.234375,26265.98046875,25952.7578125,26265.98046875,5906767,0.0,0.0
2023-06-28 00:00:00+07:00,26310.7265625,27026.6640625,26265.98046875,26847.6796875,9848784,0.0,0.0
2023-06-29 00:00:00+07:00,26847.6796875,26937.171875,26400.21875,26758.1875,5811898,0.0,0.0
2023-06-30 00:00:00+07:00,26579.203125,26623.94921875,26265.98046875,26400.21875,6317752,0.0,0.0
2023-07-03 00:00:00+07:00,26400.21875,26489.7109375,26131.7421875,26176.48828125,5228832,0.0,0.0
2023-07-04 00:00:00+07:00,26086.99609375,26400.21875,25997.50390625,26355.47265625,5727310,0.0,0.0
2023-07-05 00:00:00+07:00,26444.96484375,26579.203125,26265.98046875,26444.96484375,5125023,0.0,0.0
2023-07-06 00:00:00+07:00,26444.96484375,26489.7109375,25818.51953125,26265.98046875,7922472,0.0,0.0
2023-07-07 00:00:00+07:00,26176.48828125,26489.7109375,25997.50390625,26489.7109375,4373115,0.0,0.0
2023-07-10 00:00:00+07:00,26623.94921875,26668.6953125,26400.21875,26579.203125,9720281,0.0,0.0
2023-07-11 00:00:00+07:00,26802.93359375,27384.6328125,26802.93359375,27116.15625,16212350,0.0,0.0
2023-07-12 00:00:00+07:00,27116.15625,27205.6484375,26668.6953125,26847.6796875,7166876,0.0,0.0
2023-07-13 00:00:00+07:00,27026.6640625,27026.6640625,26713.44140625,26847.6796875,5947664,0.0,0.0
2023-07-14 00:00:00+07:00,26847.6796875,27026.6640625,26310.7265625,26758.1875,9014186,0.0,0.0
2023-07-17 00:00:00+07:00,26758.1875,26802.93359375,26444.96484375,26579.203125,7376839,0.0,0.0
2023-07-18 00:00:00+07:00,26579.203125,26847.6796875,26579.203125,26713.44140625,5219333,0.0,0.0
2023-07-19 00:00:00+07:00,26847.6796875,26892.42578125,26400.21875,26758.1875,7554172,0.0,0.0
2023-07-20 00:00:00+07:00,26758.1875,26758.1875,26444.96484375,26534.45703125,5244825,0.0,0.0
2023-07-21 00:00:00+07:00,26534.45703125,26668.6953125,26400.21875,26579.203125,6209957,0.0,0.0
2023-07-24 00:00:00+07:00,26758.1875,26937.171875,26623.94921875,26713.44140625,5904924,0.0,0.0
2023-07-25 00:00:00+07:00,26802.93359375,27116.15625,26713.44140625,26758.1875,6807205,0.0,0.0
2023-07-26 00:00:00+07:00,26802.93359375,26892.42578125,26579.203125,26668.6953125,6900184,0.0,0.0
2023-07-27 00:00:00+07:00,26713.44140625,26758.1875,26221.234375,26265.98046875,8885156,0.0,0.0
2023-07-28 00:00:00+07:00,26310.7265625,26400.21875,26221.234375,26400.21875,5933303,0.0,0.0
2023-07-31 00:00:00+07:00,26758.1875,26847.6796875,26489.7109375,26847.6796875,6442960,0.0,0.0
2023-08-01 00:00:00+07:00,27026.6640625,27563.6171875,26937.171875,27205.6484375,16385483,0.0,0.0
2023-08-02 00:00:00+07:00,27295.140625,27876.83984375,27295.140625,27787.34765625,14951504,0.0,0.0
2023-08-03 00:00:00+07:00,27697.85546875,27832.09375,27474.125,27653.109375,9160621,0.0,0.0
2023-08-04 00:00:00+07:00,27742.6015625,27742.6015625,27429.37890625,27742.6015625,8444700,0.0,0.0
2023-08-07 00:00:00+07:00,28145.318359375,29174.478515625,27966.333984375,29174.478515625,14662641,0.0,0.0
2023-08-08 00:00:00+07:00,29398.208984375,29398.208984375,28906.001953125,29174.478515625,10464426,0.0,0.0
2023-08-09 00:00:00+07:00,29084.986328125,29174.478515625,28682.271484375,29084.986328125,9089237,0.0,0.0
2023-08-10 00:00:00+07:00,29084.986328125,29219.224609375,28279.556640625,28324.302734375,8934568,0.0,0.0
2023-08-11 00:00:00+07:00,28413.794921875,28771.763671875,28011.080078125,28727.017578125,7798502,0.0,0.0
2023-08-14 00:00:00+07:00,28727.017578125,28995.494140625,28369.048828125,28906.001953125,7174013,0.0,0.0
2023-08-15 00:00:00+07:00,28906.001953125,28995.494140625,28682.271484375,28995.494140625,5934216,0.0,0.0
2023-08-16 00:00:00+07:00,28816.509765625,29263.970703125,28548.033203125,28950.748046875,9489718,0.0,0.0
2023-08-17 00:00:00+07:00,28995.494140625,29442.955078125,28861.255859375,29174.478515625,14339384,0.0,0.0
2023-08-18 00:00:00+07:00,28906.001953125,29040.240234375,27474.125,27474.125,17930275,0.0,0.0
2023-08-21 00:00:00+07:00,27653.109375,28906.001953125,27384.6328125,28637.525390625,13390609,0.0,0.0
2023-08-22 00:00:00+07:00,28637.525390625,28682.271484375,27653.109375,28234.810546875,6531457,0.0,0.0
2023-08-23 00:00:00+07:00,28324.302734375,28413.794921875,27787.34765625,28011.080078125,7182088,0.0,0.0
2023-08-24 00:00:00+07:00,28190.064453125,28548.033203125,27832.09375,28413.794921875,5696486,0.0,0.0
2023-08-25 00:00:00+07:00,28413.794921875,28413.794921875,27787.34765625,27876.83984375,9751461,0.0,0.0
2023-08-28 00:00:00+07:00,27787.34765625,28011.080078125,27742.6015625,27876.83984375,6068460,0.0,0.0
2023-08-29 00:00:00+07:00,28100.572265625,28458.541015625,27966.333984375,27966.333984375,4275680,0.0,0.0
2023-08-30 00:00:00+07:00,28145.318359375,28727.017578125,28145.318359375,28727.017578125,10520686,0.0,0.0
2023-08-31 00:00:00+07:00,28771.763671875,29174.478515625,28771.763671875,29040.240234375,5947778,0.0,0.0
2023-09-05 00:00:00+07:00,29084.986328125,29532.447265625,29084.986328125,29219.224609375,6747625,0.0,0.0
2023-09-06 00:00:00+07:00,29263.970703125,29308.716796875,28861.255859375,29219.224609375,5043907,0.0,0.0
2023-09-07 00:00:00+07:00,29263.970703125,29800.923828125,29219.224609375,29219.224609375,8834623,0.0,0.0
2023-09-08 00:00:00+07:00,29263.970703125,29263.970703125,28906.001953125,28906.001953125,4161707,0.0,0.0
2023-09-11 00:00:00+07:00,29084.986328125,29308.716796875,28458.541015625,28548.033203125,9307575,0.0,0.0
2023-09-12 00:00:00+07:00,28637.525390625,28906.001953125,28413.794921875,28906.001953125,5130227,0.0,0.0
2023-09-13 00:00:00+07:00,28906.001953125,29308.716796875,28592.779296875,29129.732421875,9016868,0.0,0.0
2023-09-14 00:00:00+07:00,29308.716796875,30114.146484375,29308.716796875,29711.431640625,15839581,0.0,0.0
2023-09-15 00:00:00+07:00,29621.939453125,29979.908203125,29219.224609375,29308.716796875,8248534,0.0,0.0
2023-09-18 00:00:00+07:00,29308.716796875,29308.716796875,28458.541015625,28682.271484375,10271725,0.0,0.0
2023-09-19 00:00:00+07:00,28682.271484375,28861.255859375,28234.810546875,28727.017578125,5534779,0.0,0.0
2023-09-20 00:00:00+07:00,28727.017578125,28950.748046875,28413.794921875,28682.271484375,8000020,0.0,0.0
2023-09-21 00:00:00+07:00,28727.017578125,28771.763671875,28369.048828125,28369.048828125,6779692,0.0,0.0
2023-09-22 00:00:00+07:00,28190.064453125,28413.794921875,27742.6015625,28324.302734375,9243256,0.0,0.0
2023-09-25 00:00:00+07:00,28145.318359375,28369.048828125,26668.6953125,26668.6953125,7634626,0.0,0.0
2023-09-26 00:00:00+07:00,26758.1875,27608.36328125,26623.94921875,27116.15625,5872909,0.0,0.0
2023-09-27 00:00:00+07:00,27205.6484375,27742.6015625,26847.6796875,27742.6015625,4253328,0.0,0.0
2023-09-28 00:00:00+07:00,27474.125,27742.6015625,25818.51953125,27608.36328125,8798972,0.0,0.0
2023-09-29 00:00:00+07:00,27339.88671875,27787.34765625,26892.42578125,26892.42578125,6113042,0.0,0.0
2023-10-02 00:00:00+07:00,26937.171875,27160.90234375,25013.087890625,26802.93359375,5961073,0.0,0.0
2023-10-03 00:00:00+07:00,26400.21875,26400.21875,25729.02734375,26042.25,8900322,0.0,0.0
2023-10-04 00:00:00+07:00,25684.279296875,26042.25,25594.787109375,25863.265625,3438509,0.0,0.0
2023-10-05 00:00:00+07:00,25997.50390625,26086.99609375,25147.326171875,25147.326171875,5949676,0.0,0.0
2023-10-06 00:00:00+07:00,25505.294921875,25729.02734375,24923.595703125,25684.279296875,3524885,0.0,0.0
2023-10-09 00:00:00+07:00,25639.533203125,26131.7421875,25639.533203125,26086.99609375,2227343,0.0,0.0
2023-10-10 00:00:00+07:00,26265.98046875,26444.96484375,26131.7421875,26221.234375,3509130,0.0,0.0
2023-10-11 00:00:00+07:00,26221.234375,26400.21875,25997.50390625,26400.21875,2446915,0.0,0.0
2023-10-12 00:00:00+07:00,26579.203125,26623.94921875,26265.98046875,26489.7109375,2790632,0.0,0.0
2023-10-13 00:00:00+07:00,26221.234375,26489.7109375,25952.7578125,26221.234375,1673328,0.0,0.0
2023-10-16 00:00:00+07:00,26176.48828125,26221.234375,25773.7734375,25773.7734375,2318859,0.0,0.0
2023-10-17 00:00:00+07:00,25952.7578125,26086.99609375,25594.787109375,25594.787109375,1922400,0.0,0.0
2023-10-18 00:00:00+07:00,25594.787109375,25773.7734375,25102.580078125,25371.056640625,2564914,0.0,0.0
2023-10-19 00:00:00+07:00,25371.056640625,25594.787109375,25057.833984375,25594.787109375,2078615,0.0,0.0
2023-10-20 00:00:00+07:00,25460.548828125,26623.94921875,24968.341796875,26310.7265625,4242824,0.0,0.0
2023-10-23 00:00:00+07:00,26310.7265625,26310.7265625,25773.7734375,26221.234375,1818481,0.0,0.0
2023-10-24 00:00:00+07:00,26221.234375,26400.21875,25997.50390625,26400.21875,2902932,0.0,0.0
2023-10-25 00:00:00+07:00,26221.234375,26400.21875,25908.01171875,25952.7578125,1999055,0.0,0.0
2023-10-26 00:00:00+07:00,25371.056640625,25550.041015625,24655.119140625,25371.056640625,6764830,0.0,0.0
2023-10-27 00:00:00+07:00,25371.056640625,25460.548828125,24834.103515625,25236.818359375,3286317,0.0,0.0
2023-10-30 00:00:00+07:00,24744.611328125,25236.818359375,24744.611328125,24744.611328125,2355846,0.0,0.0
2023-10-31 00:00:00+07:00,24834.103515625,25057.833984375,24699.865234375,24789.357421875,3210668,0.0,0.0
2023-11-01 00:00:00+07:00,24878.849609375,24878.849609375,24431.388671875,24520.880859375,3683782,0.0,0.0
2023-11-02 00:00:00+07:00,24699.865234375,25505.294921875,24699.865234375,25281.564453125,2672744,0.0,0.0
2023-11-03 00:00:00+07:00,25415.802734375,25460.548828125,25057.833984375,25057.833984375,4066943,0.0,0.0
2023-11-06 00:00:00+07:00,25371.056640625,25684.279296875,25371.056640625,25550.041015625,2656542,0.0,0.0
2023-11-07 00:00:00+07:00,25415.802734375,25684.279296875,25326.310546875,25550.041015625,2899803,0.0,0.0
2023-11-08 00:00:00+07:00,25594.787109375,26176.48828125,25281.564453125,26176.48828125,3324086,0.0,0.0
2023-11-09 00:00:00+07:00,26265.98046875,26623.94921875,26131.7421875,26400.21875,5572436,0.0,0.0
2023-11-10 00:00:00+07:00,26176.48828125,26310.7265625,25908.01171875,26310.7265625,3930730,0.0,0.0
2023-11-13 00:00:00+07:00,26221.234375,26444.96484375,26131.7421875,26310.7265625,3631040,0.0,0.0
2023-11-14 00:00:00+07:00,26713.44140625,26937.171875,26489.7109375,26668.6953125,4215448,0.0,0.0
2023-11-15 00:00:00+07:00,26937.171875,27384.6328125,26937.171875,27026.6640625,6093487,0.0,0.0
2023-11-16 00:00:00+07:00,26802.93359375,27116.15625,26758.1875,27071.41015625,2552287,0.0,0.0
2023-11-17 00:00:00+07:00,27026.6640625,27116.15625,26355.47265625,26579.203125,4873158,0.0,0.0
2023-11-20 00:00:00+07:00,26131.7421875,26623.94921875,26042.25,26444.96484375,2468034,0.0,0.0
2023-11-21 00:00:00+07:00,26713.44140625,26713.44140625,26310.7265625,26310.7265625,2478091,0.0,0.0
2023-11-22 00:00:00+07:00,26400.21875,26579.203125,26265.98046875,26489.7109375,2475074,0.0,0.0
2023-11-23 00:00:00+07:00,26623.94921875,26623.94921875,26131.7421875,26131.7421875,2227678,0.0,0.0
2023-11-24 00:00:00+07:00,26131.7421875,26489.7109375,25684.279296875,26489.7109375,3495721,0.0,0.0
2023-11-27 00:00:00+07:00,26534.45703125,26534.45703125,26042.25,26310.7265625,1689196,0.0,0.0
2023-11-28 00:00:00+07:00,26221.234375,26221.234375,25818.51953125,26221.234375,2663582,0.0,0.0
2023-11-29 00:00:00+07:00,26221.234375,26444.96484375,26131.7421875,26310.7265625,2938577,0.0,0.0
2023-11-30 00:00:00+07:00,26300.0,26700.0,26150.0,26300.0,2651700,0.0,1.117415
2023-12-01 00:00:00+07:00,26450.0,26450.0,26000.0,26300.0,2052600,0.0,0.0
2023-12-04 00:00:00+07:00,26450.0,26600.0,26250.0,26550.0,7638100,0.0,0.0
2023-12-05 00:00:00+07:00,26600.0,26700.0,26500.0,26500.0,2957358,0.0,0.0
2023-12-06 00:00:00+07:00,26500.0,26700.0,26500.0,26650.0,3493758,0.0,0.0
2023-12-07 00:00:00+07:00,26750.0,27100.0,26550.0,26900.0,5776600,0.0,0.0
2023-12-08 00:00:00+07:00,27000.0,27100.0,26700.0,26900.0,4518900,0.0,0.0
2023-12-11 00:00:00+07:00,26950.0,27050.0,26700.0,26850.0,2323100,0.0,0.0
2023-12-12 00:00:00+07:00,26900.0,27000.0,26700.0,27000.0,3346200,0.0,0.0
2023-12-13 00:00:00+07:00,27150.0,27350.0,26700.0,26750.0,3749800,0.0,0.0
2023-12-14 00:00:00+07:00,26950.0,26950.0,26450.0,26750.0,3873600,0.0,0.0
2023-12-15 00:00:00+07:00,26500.0,26850.0,26350.0,26700.0,4473200,0.0,0.0
2023-12-18 00:00:00+07:00,26500.0,26700.0,26050.0,26050.0,11182400,0.0,0.0
2023-12-19 00:00:00+07:00,26100.0,26500.0,25950.0,26500.0,2878200,0.0,0.0
2023-12-20 00:00:00+07:00,26300.0,26600.0,26200.0,26550.0,9734200,0.0,0.0
2023-12-21 00:00:00+07:00,26400.0,26600.0,26250.0,26550.0,3141300,0.0,0.0
2023-12-22 00:00:00+07:00,26500.0,26600.0,26350.0,26450.0,4149200,0.0,0.0
2023-12-25 00:00:00+07:00,26550.0,26900.0,26500.0,26900.0,5496200,0.0,0.0
2023-12-26 00:00:00+07:00,26850.0,26950.0,26800.0,26800.0,3247900,0.0,0.0
2023-12-27 00:00:00+07:00,26800.0,26900.0,26750.0,26850.0,4093900,0.0,0.0
2023-12-28 00:00:00+07:00,26850.0,27100.0,26750.0,27100.0,3620700,0.0,0.0
2023-12-29 00:00:00+07:00,27200.0,27350.0,27100.0,27100.0,4974400,0.0,0.0
2024-01-02 00:00:00+07:00,27150.0,27250.0,27050.0,27200.0,3300000,0.0,0.0
2024-01-03 00:00:00+07:00,27200.0,27600.0,27050.0,27600.0,3243600,0.0,0.0
2024-01-04 00:00:00+07:00,27650.0,29500.0,27550.0,28600.0,14923700,0.0,0.0
2024-01-05 00:00:00+07:00,28750.0,29150.0,28700.0,29000.0,8885200,0.0,0.0
2024-01-08 00:00:00+07:00,29500.0,29800.0,29050.0,29550.0,12113500,0.0,0.0
2024-01-09 00:00:00+07:00,29600.0,30150.0,29300.0,30000.0,14610600,0.0,0.0
2024-01-10 00:00:00+07:00,30000.0,31150.0,29850.0,31000.0,14402900,0.0,0.0
2024-01-11 00:00:00+07:00,31100.0,31500.0,30400.0,31000.0,9966100,0.0,0.0
2024-01-12 00:00:00+07:00,30800.0,31850.0,30600.0,31500.0,17353500,0.0,0.0
2024-01-15 00:00:00+07:00,31550.0,31700.0,31000.0,31400.0,7071700,0.0,0.0
2024-01-16 00:00:00+07:00,31050.0,31400.0,30800.0,31400.0,7511452,0.0,0.0
2024-01-17 00:00:00+07:00,31050.0,31500.0,31000.0,31150.0,6859800,0.0,0.0
2024-01-19 00:00:00+07:00,31700.0,32600.0,31450.0,32600.0,14548300,0.0,0.0
2024-01-22 00:00:00+07:00,32550.0,32650.0,31950.0,32650.0,10179800,0.0,0.0
2024-01-23 00:00:00+07:00,32650.0,32800.0,31900.0,32200.0,10356000,0.0,0.0
2024-01-24 00:00:00+07:00,31950.0,32400.0,31900.0,32000.0,5597700,0.0,0.0
2024-01-25 00:00:00+07:00,32000.0,32100.0,31600.0,32050.0,6284700,0.0,0.0
2024-01-26 00:00:00+07:00,32100.0,32250.0,31950.0,32100.0,5176400,0.0,0.0
2024-01-29 00:00:00+07:00,32100.0,32750.0,32000.0,32300.0,8185097,0.0,0.0
2024-01-30 00:00:00+07:00,32350.0,32450.0,32050.0,32200.0,4737748,0.0,0.0
2024-01-31 00:00:00+07:00,32450.0,32500.0,31300.0,31600.0,12235100,0.0,0.0
2024-02-01 00:00:00+07:00,31450.0,32100.0,31450.0,32050.0,5146100,0.0,0.0
2024-02-02 00:00:00+07:00,32000.0,32150.0,31550.0,31700.0,6709342,0.0,0.0
2024-02-05 00:00:00+07:00,31750.0,33900.0,31750.0,33900.0,21792200,0.0,0.0
2024-02-06 00:00:00+07:00,34000.0,34450.0,33850.0,34400.0,8778600,0.0,0.0
2024-02-07 00:00:00+07:00,34400.0,36300.0,34400.0,35500.0,13654000,0.0,0.0
2024-02-15 00:00:00+07:00,35600.0,35800.0,35000.0,35000.0,8949700,0.0,0.0
2024-02-16 00:00:00+07:00,35300.0,35300.0,34650.0,35250.0,7524900,0.0,0.0
2024-02-19 00:00:00+07:00,35100.0,35500.0,34500.0,35400.0,10777500,0.0,0.0
2024-02-20 00:00:00+07:00,35300.0,35600.0,34700.0,35200.0,6882100,0.0,0.0
2024-02-21 00:00:00+07:00,35250.0,36200.0,35050.0,35550.0,10491600,0.0,0.0
2024-02-22 00:00:00+07:00,35700.0,35750.0,35250.0,35700.0,7076000,0.0,0.0
2024-02-23 00:00:00+07:00,35800.0,37150.0,35000.0,35200.0,25863100,0.0,0.0
2024-02-26 00:00:00+07:00,35200.0,35850.0,35100.0,35650.0,6411800,0.0,0.0
2024-02-27 00:00:00+07:00,35700.0,36300.0,35450.0,36150.0,9166000,0.0,0.0
2024-02-28 00:00:00+07:00,36400.0,36450.0,35650.0,35950.0,9829600,0.0,0.0
2024-02-29 00:00:00+07:00,36200.0,36300.0,35200.0,35550.0,12898100,0.0,0.0
2024-03-01 00:00:00+07:00,35700.0,35700.0,35000.0,35600.0,9219700,0.0,0.0
2024-03-04 00:00:00+07:00,35600.0,36900.0,35150.0,36000.0,17814860,0.0,0.0
2024-03-05 00:00:00+07:00,36000.0,36450.0,35750.0,36450.0,7418300,0.0,0.0
2024-03-06 00:00:00+07:00,36400.0,36950.0,35650.0,36100.0,11114900,0.0,0.0
2024-03-07 00:00:00+07:00,36000.0,36050.0,35450.0,35800.0,9360473,0.0,0.0
2024-03-08 00:00:00+07:00,35800.0,35850.0,34500.0,34500.0,20828300,0.0,0.0
2024-03-11 00:00:00+07:00,34500.0,34750.0,33900.0,34150.0,7982600,0.0,0.0
2024-03-12 00:00:00+07:00,34000.0,34600.0,33950.0,34500.0,6760600,0.0,0.0
2024-03-13 00:00:00+07:00,34600.0,35150.0,34200.0,35150.0,6261800,0.0,0.0
2024-03-14 00:00:00+07:00,35200.0,35200.0,34200.0,34450.0,7010100,0.0,0.0
2024-03-15 00:00:00+07:00,34400.0,35400.0,33950.0,34750.0,9706500,0.0,0.0
2024-03-18 00:00:00+07:00,34750.0,35000.0,32350.0,33300.0,11385200,0.0,0.0
2024-03-19 00:00:00+07:00,33400.0,33800.0,32950.0,33300.0,8305800,0.0,0.0
2024-03-20 00:00:00+07:00,33200.0,34500.0,33000.0,34350.0,9923600,0.0,0.0
2024-03-21 00:00:00+07:00,34600.0,34900.0,34050.0,34900.0,9309200,0.0,0.0
2024-03-22 00:00:00+07:00,35100.0,36400.0,35000.0,35700.0,16016800,0.0,0.0
2024-03-25 00:00:00+07:00,35500.0,35700.0,34500.0,34700.0,9762300,0.0,0.0
2024-03-26 00:00:00+07:00,34750.0,35400.0,34650.0,35200.0,3801300,0.0,0.0
2024-03-27 00:00:00+07:00,35000.0,35500.0,34800.0,35500.0,5251900,0.0,0.0
2024-03-28 00:00:00+07:00,35900.0,35900.0,35300.0,35750.0,7031500,0.0,0.0
2024-03-29 00:00:00+07:00,35750.0,35750.0,35150.0,35550.0,4610100,0.0,0.0
2024-04-01 00:00:00+07:00,35400.0,35400.0,34750.0,35000.0,7918200,0.0,0.0
2024-04-02 00:00:00+07:00,34500.0,35200.0,34100.0,35000.0,7099000,0.0,0.0
2024-04-03 00:00:00+07:00,34900.0,35000.0,33900.0,34050.0,9109200,0.0,0.0
2024-04-04 00:00:00+07:00,34200.0,34300.0,33500.0,33550.0,7204500,0.0,0.0
2024-04-05 00:00:00+07:00,33200.0,33600.0,33100.0,33200.0,9854200,0.0,0.0
2024-04-08 00:00:00+07:00,33300.0,34250.0,32950.0,33500.0,12347900,0.0,0.0
2024-04-09 00:00:00+07:00,33900.0,34250.0,33550.0,34250.0,5258500,0.0,0.0
2024-04-10 00:00:00+07:00,34350.0,34350.0,33650.0,33650.0,4641500,0.0,0.0
2024-04-11 00:00:00+07:00,33300.0,33700.0,33250.0,33700.0,4199700,0.0,0.0
2024-04-12 00:00:00+07:00,33800.0,36050.0,33650.0,35900.0,23915200,0.0,0.0
2024-04-15 00:00:00+07:00,35800.0,36300.0,33400.0,33450.0,29312700,0.0,0.0
2024-04-16 00:00:00+07:00,33900.0,34050.0,32800.0,34050.0,15514300,0.0,0.0
2024-04-17 00:00:00+07:00,34250.0,34250.0,32650.0,32700.0,19246270,0.0,0.0
2024-04-19 00:00:00+07:00,32100.0,32750.0,31250.0,31600.0,13140500,0.0,0.0
2024-04-22 00:00:00+07:00,32050.0,32400.0,31700.0,32300.0,7788100,0.0,0.0
2024-04-23 00:00:00+07:00,32250.0,32500.0,31150.0,31500.0,10789200,0.0,0.0
2024-04-24 00:00:00+07:00,32000.0,32950.0,31700.0,32950.0,9112800,0.0,0.0
2024-04-25 00:00:00+07:00,32850.0,33000.0,32250.0,33000.0,4963800,0.0,0.0
2024-04-26 00:00:00+07:00,32550.0,33150.0,32150.0,32800.0,8992900,0.0,0.0
2024-05-02 00:00:00+07:00,32800.0,32800.0,32000.0,32350.0,6461000,0.0,0.0
2024-05-03 00:00:00+07:00,32450.0,32850.0,32150.0,32400.0,6180500,0.0,0.0
2024-05-06 00:00:00+07:00,32600.0,33250.0,32350.0,33200.0,7777200,0.0,0.0
2024-05-07 00:00:00+07:00,33200.0,33250.0,32800.0,32800.0,5073600,0.0,0.0
2024-05-08 00:00:00+07:00,32650.0,33000.0,32350.0,32600.0,8601000,0.0,0.0
2024-05-09 00:00:00+07:00,32800.0,33400.0,32450.0,32900.0,7243700,0.0,0.0
2024-05-10 00:00:00+07:00,33150.0,33150.0,32550.0,32850.0,4809700,0.0,0.0
2024-05-13 00:00:00+07:00,32850.0,32850.0,32250.0,32300.0,7051000,0.0,0.0
2024-05-14 00:00:00+07:00,32400.0,32700.0,32250.0,32300.0,5716900,0.0,0.0
2024-05-15 00:00:00+07:00,32450.0,33000.0,32250.0,32350.0,8175800,0.0,0.0
2024-05-16 00:00:00+07:00,32800.0,33700.0,32550.0,33200.0,14316700,0.0,0.0
2024-05-17 00:00:00+07:00,33350.0,33400.0,32900.0,33100.0,6148500,0.0,0.0
2024-05-20 00:00:00+07:00,33300.0,33900.0,33050.0,33350.0,12318300,0.0,0.0
2024-05-21 00:00:00+07:00,33450.0,34100.0,33350.0,33650.0,6179100,0.0,0.0
2024-05-22 00:00:00+07:00,33850.0,33900.0,32700.0,33000.0,12259860,0.0,0.0
2024-05-23 00:00:00+07:00,32950.0,33250.0,32600.0,33250.0,5573500,0.0,0.0
2024-05-24 00:00:00+07:00,33100.0,33900.0,32300.0,32500.0,14091600,0.0,0.0
2024-05-27 00:00:00+07:00,32700.0,32700.0,32100.0,32400.0,8217500,0.0,0.0
2024-05-28 00:00:00+07:00,32450.0,32500.0,31700.0,32200.0,24876000,0.0,0.0
2024-05-29 00:00:00+07:00,32200.0,32200.0,31650.0,31650.0,15671900,0.0,0.0
2024-05-30 00:00:00+07:00,31350.0,32100.0,31350.0,31800.0,10201600,0.0,0.0
2024-05-31 00:00:00+07:00,31800.0,32200.0,31800.0,31900.0,6340100,0.0,0.0
2024-06-03 00:00:00+07:00,32250.0,32800.0,32050.0,32600.0,18001600,0.0,0.0
2024-06-04 00:00:00+07:00,32700.0,32950.0,32450.0,32800.0,8982900,0.0,0.0
2024-06-05 00:00:00+07:00,32900.0,32950.0,32400.0,32400.0,8426500,0.0,0.0
2024-06-06 00:00:00+07:00,32500.0,32700.0,32350.0,32600.0,7577100,0.0,0.0
2024-06-07 00:00:00+07:00,32800.0,32900.0,32650.0,32800.0,4350200,0.0,0.0
2024-06-10 00:00:00+07:00,32950.0,33950.0,32900.0,33500.0,13715700,0.0,0.0
2024-06-11 00:00:00+07:00,33950.0,33950.0,33150.0,33200.0,10757100,0.0,0.0
2024-06-12 00:00:00+07:00,33250.0,33650.0,32850.0,33500.0,7991300,0.0,0.0
2024-06-13 00:00:00+07:00,34000.0,34150.0,33500.0,33900.0,14049800,0.0,0.0
2024-06-14 00:00:00+07:00,33900.0,33950.0,32800.0,32800.0,10569800,0.0,0.0
2024-06-17 00:00:00+07:00,32800.0,32950.0,32300.0,32750.0,8970900,0.0,0.0
2024-06-18 00:00:00+07:00,32750.0,32850.0,32350.0,32350.0,7886400,0.0,0.0
2024-06-19 00:00:00+07:00,32400.0,32550.0,31950.0,32500.0,7107200,0.0,0.0
2024-06-20 00:00:00+07:00,32300.0,32550.0,32000.0,32200.0,7184100,0.0,0.0
2024-06-21 00:00:00+07:00,32400.0,32450.0,32150.0,32200.0,4946100,0.0,0.0
2024-06-24 00:00:00+07:00,32200.0,32350.0,31550.0,31650.0,8539100,0.0,0.0
2024-06-25 00:00:00+07:00,31900.0,31900.0,31450.0,31600.0,5453400,0.0,0.0
2024-06-26 00:00:00+07:00,31600.0,31650.0,31050.0,31300.0,6576300,0.0,0.0
2024-06-27 00:00:00+07:00,31300.0,31400.0,31150.0,31300.0,4217600,0.0,0.0
2024-06-28 00:00:00+07:00,31300.0,31450.0,31000.0,31000.0,4821600,0.0,0.0
2024-07-01 00:00:00+07:00,30850.0,32000.0,30850.0,32000.0,4057600,0.0,0.0
2024-07-02 00:00:00+07:00,32000.0,32350.0,31900.0,32300.0,5172200,0.0,0.0
2024-07-03 00:00:00+07:00,32350.0,32500.0,32050.0,32350.0,3449100,0.0,0.0
2024-07-04 00:00:00+07:00,32400.0,32500.0,32050.0,32300.0,2576600,0.0,0.0
2024-07-05 00:00:00+07:00,32350.0,32850.0,32100.0,32700.0,5723000,0.0,0.0
2024-07-08 00:00:00+07:00,32750.0,32750.0,32300.0,32600.0,4001700,0.0,0.0
2024-07-09 00:00:00+07:00,32600.0,32800.0,32400.0,32700.0,4864800,0.0,0.0
2024-07-10 00:00:00+07:00,32700.0,32850.0,32400.0,32400.0,5468400,0.0,0.0
2024-07-11 00:00:00+07:00,32500.0,32600.0,32200.0,32200.0,4105400,0.0,0.0
2024-07-12 00:00:00+07:00,32200.0,32300.0,31900.0,32000.0,4598300,0.0,0.0
2024-07-15 00:00:00+07:00,32050.0,32200.0,32000.0,32100.0,2709000,0.0,0.0
2024-07-16 00:00:00+07:00,32150.0,32850.0,32100.0,32500.0,6673100,0.0,0.0
2024-07-17 00:00:00+07:00,32700.0,33800.0,32550.0,33000.0,22751600,0.0,0.0
2024-07-18 00:00:00+07:00,33300.0,33450.0,32750.0,33450.0,9954700,0.0,0.0
2024-07-19 00:00:00+07:00,33250.0,33800.0,32750.0,33400.0,10380600,0.0,0.0
2024-07-22 00:00:00+07:00,33200.0,34100.0,33150.0,33650.0,15945100,0.0,0.0
2024-07-23 00:00:00+07:00,33700.0,33700.0,32050.0,32400.0,9908700,0.0,0.0
2024-07-24 00:00:00+07:00,32350.0,32500.0,31700.0,32200.0,10466300,0.0,0.0
2024-07-25 00:00:00+07:00,32000.0,32000.0,31400.0,31550.0,8927200,0.0,0.0
2024-07-26 00:00:00+07:00,31550.0,32150.0,31550.0,32050.0,3281100,0.0,0.0
2024-07-29 00:00:00+07:00,32150.0,32350.0,32100.0,32100.0,3423200,0.0,0.0
2024-07-30 00:00:00+07:00,32000.0,32100.0,31800.0,32000.0,4284300,0.0,0.0
2024-07-31 00:00:00+07:00,32000.0,32300.0,31800.0,32000.0,6715400,0.0,0.0
2024-08-01 00:00:00+07:00,32000.0,32450.0,31300.0,31450.0,11700600,0.0,0.0
2024-08-02 00:00:00+07:00,31050.0,31550.0,30250.0,31550.0,10702700,0.0,0.0
2024-08-05 00:00:00+07:00,30900.0,30950.0,30000.0,30150.0,10677500,0.0,0.0
2024-08-06 00:00:00+07:00,30500.0,30600.0,29950.0,30550.0,5489100,0.0,0.0
2024-08-07 00:00:00+07:00,30650.0,30650.0,30050.0,30200.0,5039500,0.0,0.0
2024-08-08 00:00:00+07:00,30200.0,30450.0,30050.0,30200.0,7233600,0.0,0.0
2024-08-09 00:00:00+07:00,30350.0,31500.0,30350.0,31500.0,7499900,0.0,0.0
2024-08-12 00:00:00+07:00,31550.0,31750.0,31200.0,31700.0,3252300,0.0,0.0
2024-08-13 00:00:00+07:00,31850.0,31850.0,31350.0,31850.0,4264400,0.0,0.0
2024-08-14 00:00:00+07:00,31850.0,32000.0,31600.0,31800.0,4868000,0.0,0.0
2024-08-15 00:00:00+07:00,31800.0,31950.0,31450.0,31850.0,5235800,0.0,0.0
2024-08-16 00:00:00+07:00,31850.0,32500.0,31800.0,32500.0,7939100,0.0,0.0
2024-08-19 00:00:00+07:00,32500.0,32700.0,32350.0,32650.0,6180200,0.0,0.0
2024-08-20 00:00:00+07:00,32650.0,33350.0,32600.0,33200.0,10829100,0.0,0.0
2024-08-21 00:00:00+07:00,33250.0,34200.0,33000.0,34200.0,27846100,0.0,0.0
2024-08-22 00:00:00+07:00,34350.0,35000.0,34300.0,34600.0,18468580,0.0,0.0
2024-08-23 00:00:00+07:00,34400.0,34950.0,34150.0,34950.0,10303800,0.0,0.0
2024-08-26 00:00:00+07:00,35000.0,35000.0,34400.0,34600.0,9604400,0.0,0.0
2024-08-28 00:00:00+07:00,34900.0,34950.0,34500.0,34900.0,6788900,0.0,0.0
2024-08-29 00:00:00+07:00,34950.0,35350.0,34500.0,35000.0,12714200,0.0,0.0
2024-08-30 00:00:00+07:00,35000.0,35100.0,34650.0,35050.0,8124100,0.0,0.0
2024-09-04 00:00:00+07:00,34600.0,35300.0,34450.0,35300.0,10774800,0.0,0.0
2024-09-05 00:00:00+07:00,35200.0,35500.0,34600.0,35000.0,8504400,0.0,0.0
2024-09-06 00:00:00+07:00,34800.0,35500.0,34600.0,35500.0,9610300,0.0,0.0
2024-09-09 00:00:00+07:00,35200.0,35450.0,35000.0,35450.0,5375600,0.0,0.0
2024-09-10 00:00:00+07:00,35400.0,35550.0,34800.0,34950.0,7607100,0.0,0.0
2024-09-11 00:00:00+07:00,34950.0,35100.0,34450.0,34950.0,5494300,0.0,0.0
2024-09-12 00:00:00+07:00,35250.0,35250.0,34700.0,35000.0,6375600,0.0,0.0
2024-09-13 00:00:00+07:00,34800.0,35000.0,34650.0,34900.0,3549800,0.0,0.0
2024-09-16 00:00:00+07:00,34950.0,34950.0,34500.0,34650.0,6213800,0.0,0.0
2024-09-17 00:00:00+07:00,34550.0,34950.0,34350.0,34950.0,5340100,0.0,0.0
2024-09-18 00:00:00+07:00,34950.0,36300.0,34800.0,35700.0,17630600,0.0,0.0
2024-09-19 00:00:00+07:00,35750.0,36200.0,35600.0,36000.0,5945500,0.0,0.0
2024-09-20 00:00:00+07:00,36050.0,36650.0,35950.0,36000.0,13229300,0.0,0.0
2024-09-23 00:00:00+07:00,35950.0,36300.0,35650.0,35900.0,5629200,0.0,0.0
2024-09-24 00:00:00+07:00,35900.0,36200.0,35650.0,36050.0,5629400,0.0,0.0
2024-09-25 00:00:00+07:00,36500.0,36600.0,36000.0,36000.0,9907800,0.0,0.0
2024-09-26 00:00:00+07:00,36000.0,36450.0,35450.0,36400.0,22853200,0.0,0.0
2024-09-27 00:00:00+07:00,36450.0,37550.0,36450.0,37000.0,15727800,0.0,0.0
2024-09-30 00:00:00+07:00,36900.0,37200.0,36650.0,36950.0,4899975,0.0,0.0
2024-10-01 00:00:00+07:00,36950.0,37100.0,36350.0,36500.0,12335100,0.0,0.0
2024-10-02 00:00:00+07:00,36150.0,36450.0,35950.0,36000.0,11314900,0.0,0.0
2024-10-03 00:00:00+07:00,36000.0,36750.0,35900.0,36200.0,10174400,0.0,0.0
2024-10-04 00:00:00+07:00,36150.0,36150.0,35600.0,35600.0,8588600,0.0,0.0
2024-10-07 00:00:00+07:00,35900.0,35950.0,35500.0,35800.0,6309500,0.0,0.0
2024-10-08 00:00:00+07:00,35800.0,36150.0,35550.0,35750.0,6682700,0.0,0.0
2024-10-09 00:00:00+07:00,35800.0,36600.0,35700.0,36100.0,9484500,0.0,0.0
2024-10-10 00:00:00+07:00,36450.0,36650.0,36050.0,36150.0,6295000,0.0,0.0
2024-10-11 00:00:00+07:00,36250.0,36300.0,35800.0,36250.0,4282800,0.0,0.0
2024-10-14 00:00:00+07:00,36400.0,36450.0,36050.0,36050.0,4205500,0.0,0.0
2024-10-15 00:00:00+07:00,36250.0,36800.0,36100.0,36150.0,10587200,0.0,0.0
2024-10-16 00:00:00+07:00,36100.0,36450.0,35900.0,36300.0,4058300,0.0,0.0
2024-10-17 00:00:00+07:00,36500.0,36550.0,36050.0,36550.0,6200700,0.0,0.0
2024-10-18 00:00:00+07:00,36800.0,36900.0,36250.0,36250.0,7054400,0.0,0.0
2024-10-21 00:00:00+07:00,36100.0,36350.0,35500.0,35500.0,8242100,0.0,0.0
2024-10-22 00:00:00+07:00,35500.0,35650.0,34800.0,35000.0,9519000,0.0,0.0
2024-10-23 00:00:00+07:00,35000.0,35150.0,34750.0,35050.0,4520500,0.0,0.0
2024-10-24 00:00:00+07:00,35000.0,35150.0,34050.0,34850.0,6445900,0.0,0.0
2024-10-25 00:00:00+07:00,34750.0,34800.0,34500.0,34600.0,4542300,0.0,0.0
2024-10-28 00:00:00+07:00,34650.0,34800.0,34550.0,34700.0,2328100,0.0,0.0
2024-10-29 00:00:00+07:00,34700.0,34950.0,34700.0,34950.0,2984000,0.0,0.0
2024-10-31 00:00:00+07:00,34900.0,35750.0,34800.0,35700.0,9494500,0.0,0.0
2024-11-01 00:00:00+07:00,35550.0,35950.0,35500.0,35600.0,8047200,0.0,0.0
2024-11-04 00:00:00+07:00,35550.0,35950.0,35350.0,35700.0,5341600,0.0,0.0
2024-11-06 00:00:00+07:00,35200.0,35900.0,35100.0,35900.0,3637500,0.0,0.0
2024-11-07 00:00:00+07:00,35900.0,36150.0,35600.0,35600.0,4522400,0.0,0.0
2024-11-08 00:00:00+07:00,35700.0,36000.0,34800.0,35000.0,5010300,0.0,0.0
